province_en,province_th,keyword,language,timeframe,geo,fetched_at,date,interest
Bangkok,กรุงเทพมหานคร,Travel Bangkok,EN,2026-01-01 2026-04-30,TH,2026-05-10T16:09:03.745073,2026-01-01,51
Bangkok,กรุงเทพมหานคร,Travel Bangkok,EN,2026-01-01 2026-04-30,TH,2026-05-10T16:09:03.745073,2026-01-02,35
Bangkok,กรุงเทพมหานคร,Travel Bangkok,EN,2026-01-01 2026-04-30,TH,2026-05-10T16:09:03.745073,2026-01-03,74
Bangkok,กรุงเทพมหานคร,Travel Bangkok,EN,2026-01-01 2026-04-30,TH,2026-05-10T16:09:03.745073,2026-01-04,61
Bangkok,กรุงเทพมหานคร,Travel Bangkok,EN,2026-01-01 2026-04-30,TH,2026-05-10T16:09:03.745073,2026-01-05,36
Bangkok,กรุงเทพมหานคร,Travel Bangkok,EN,2026-01-01 2026-04-30,TH,2026-05-10T16:09:03.745073,2026-01-06,39
Bangkok,กรุงเทพมหานคร,Travel Bangkok,EN,2026-01-01 2026-04-30,TH,2026-05-10T16:09:03.745073,2026-01-07,40
Bangkok,กรุงเทพมหานคร,Travel Bangkok,EN,2026-01-01 2026-04-30,TH,2026-05-10T16:09:03.745073,2026-01-08,38
Bangkok,กรุงเทพมหานคร,Travel Bangkok,EN,2026-01-01 2026-04-30,TH,2026-05-10T16:09:03.745073,2026-01-09,0
Bangkok,กรุงเทพมหานคร,Travel Bangkok,EN,2026-01-01 2026-04-30,TH,2026-05-10T16:09:03.745073,2026-01-10,53
Bangkok,กรุงเทพมหานคร,Travel Bangkok,EN,2026-01-01 2026-04-30,TH,2026-05-10T16:09:03.745073,2026-01-11,46
Bangkok,กรุงเทพมหานคร,Travel Bangkok,EN,2026-01-01 2026-04-30,TH,2026-05-10T16:09:03.745073,2026-01-12,51
Bangkok,กรุงเทพมหานคร,Travel Bangkok,EN,2026-01-01 2026-04-30,TH,2026-05-10T16:09:03.745073,2026-01-13,37
Bangkok,กรุงเทพมหานคร,Travel Bangkok,EN,2026-01-01 2026-04-30,TH,2026-05-10T16:09:03.745073,2026-01-14,66
Bangkok,กรุงเทพมหานคร,Travel Bangkok,EN,2026-01-01 2026-04-30,TH,2026-05-10T16:09:03.745073,2026-01-15,51
Bangkok,กรุงเทพมหานคร,Travel Bangkok,EN,2026-01-01 2026-04-30,TH,2026-05-10T16:09:03.745073,2026-01-16,35
Bangkok,กรุงเทพมหานคร,Travel Bangkok,EN,2026-01-01 2026-04-30,TH,2026-05-10T16:09:03.745073,2026-01-17,33
Bangkok,กรุงเทพมหานคร,Travel Bangkok,EN,2026-01-01 2026-04-30,TH,2026-05-10T16:09:03.745073,2026-01-18,63
Bangkok,กรุงเทพมหานคร,Travel Bangkok,EN,2026-01-01 2026-04-30,TH,2026-05-10T16:09:03.745073,2026-01-19,31
Bangkok,กรุงเทพมหานคร,Travel Bangkok,EN,2026-01-01 2026-04-30,TH,2026-05-10T16:09:03.745073,2026-01-20,70
Bangkok,กรุงเทพมหานคร,Travel Bangkok,EN,2026-01-01 2026-04-30,TH,2026-05-10T16:09:03.745073,2026-01-21,0
Bangkok,กรุงเทพมหานคร,Travel Bangkok,EN,2026-01-01 2026-04-30,TH,2026-05-10T16:09:03.745073,2026-01-22,55
Bangkok,กรุงเทพมหานคร,Travel Bangkok,EN,2026-01-01 2026-04-30,TH,2026-05-10T16:09:03.745073,2026-01-23,0
Bangkok,กรุงเทพมหานคร,Travel Bangkok,EN,2026-01-01 2026-04-30,TH,2026-05-10T16:09:03.745073,2026-01-24,66
Bangkok,กรุงเทพมหานคร,Travel Bangkok,EN,2026-01-01 2026-04-30,TH,2026-05-10T16:09:03.745073,2026-01-25,63
Bangkok,กรุงเทพมหานคร,Travel Bangkok,EN,2026-01-01 2026-04-30,TH,2026-05-10T16:09:03.745073,2026-01-26,40
Bangkok,กรุงเทพมหานคร,Travel Bangkok,EN,2026-01-01 2026-04-30,TH,2026-05-10T16:09:03.745073,2026-01-27,62
Bangkok,กรุงเทพมหานคร,Travel Bangkok,EN,2026-01-01 2026-04-30,TH,2026-05-10T16:09:03.745073,2026-01-28,33
Bangkok,กรุงเทพมหานคร,Travel Bangkok,EN,2026-01-01 2026-04-30,TH,2026-05-10T16:09:03.745073,2026-01-29,50
Bangkok,กรุงเทพมหานคร,Travel Bangkok,EN,2026-01-01 2026-04-30,TH,2026-05-10T16:09:03.745073,2026-01-30,0
Bangkok,กรุงเทพมหานคร,Travel Bangkok,EN,2026-01-01 2026-04-30,TH,2026-05-10T16:09:03.745073,2026-01-31,0
Bangkok,กรุงเทพมหานคร,Travel Bangkok,EN,2026-01-01 2026-04-30,TH,2026-05-10T16:09:03.745073,2026-02-01,54
Bangkok,กรุงเทพมหานคร,Travel Bangkok,EN,2026-01-01 2026-04-30,TH,2026-05-10T16:09:03.745073,2026-02-02,32
Bangkok,กรุงเทพมหานคร,Travel Bangkok,EN,2026-01-01 2026-04-30,TH,2026-05-10T16:09:03.745073,2026-02-03,33
Bangkok,กรุงเทพมหานคร,Travel Bangkok,EN,2026-01-01 2026-04-30,TH,2026-05-10T16:09:03.745073,2026-02-04,71
Bangkok,กรุงเทพมหานคร,Travel Bangkok,EN,2026-01-01 2026-04-30,TH,2026-05-10T16:09:03.745073,2026-02-05,42
Bangkok,กรุงเทพมหานคร,Travel Bangkok,EN,2026-01-01 2026-04-30,TH,2026-05-10T16:09:03.745073,2026-02-06,48
Bangkok,กรุงเทพมหานคร,Travel Bangkok,EN,2026-01-01 2026-04-30,TH,2026-05-10T16:09:03.745073,2026-02-07,36
Bangkok,กรุงเทพมหานคร,Travel Bangkok,EN,2026-01-01 2026-04-30,TH,2026-05-10T16:09:03.745073,2026-02-08,55
Bangkok,กรุงเทพมหานคร,Travel Bangkok,EN,2026-01-01 2026-04-30,TH,2026-05-10T16:09:03.745073,2026-02-09,64
Bangkok,กรุงเทพมหานคร,Travel Bangkok,EN,2026-01-01 2026-04-30,TH,2026-05-10T16:09:03.745073,2026-02-10,38
Bangkok,กรุงเทพมหานคร,Travel Bangkok,EN,2026-01-01 2026-04-30,TH,2026-05-10T16:09:03.745073,2026-02-11,48
Bangkok,กรุงเทพมหานคร,Travel Bangkok,EN,2026-01-01 2026-04-30,TH,2026-05-10T16:09:03.745073,2026-02-12,67
Bangkok,กรุงเทพมหานคร,Travel Bangkok,EN,2026-01-01 2026-04-30,TH,2026-05-10T16:09:03.745073,2026-02-13,53
Bangkok,กรุงเทพมหานคร,Travel Bangkok,EN,2026-01-01 2026-04-30,TH,2026-05-10T16:09:03.745073,2026-02-14,35
Bangkok,กรุงเทพมหานคร,Travel Bangkok,EN,2026-01-01 2026-04-30,TH,2026-05-10T16:09:03.745073,2026-02-15,51
Bangkok,กรุงเทพมหานคร,Travel Bangkok,EN,2026-01-01 2026-04-30,TH,2026-05-10T16:09:03.745073,2026-02-16,87
Bangkok,กรุงเทพมหานคร,Travel Bangkok,EN,2026-01-01 2026-04-30,TH,2026-05-10T16:09:03.745073,2026-02-17,64
Bangkok,กรุงเทพมหานคร,Travel Bangkok,EN,2026-01-01 2026-04-30,TH,2026-05-10T16:09:03.745073,2026-02-18,39
Bangkok,กรุงเทพมหานคร,Travel Bangkok,EN,2026-01-01 2026-04-30,TH,2026-05-10T16:09:03.745073,2026-02-19,51
Bangkok,กรุงเทพมหานคร,Travel Bangkok,EN,2026-01-01 2026-04-30,TH,2026-05-10T16:09:03.745073,2026-02-20,42
Bangkok,กรุงเทพมหานคร,Travel Bangkok,EN,2026-01-01 2026-04-30,TH,2026-05-10T16:09:03.745073,2026-02-21,44
Bangkok,กรุงเทพมหานคร,Travel Bangkok,EN,2026-01-01 2026-04-30,TH,2026-05-10T16:09:03.745073,2026-02-22,50
Bangkok,กรุงเทพมหานคร,Travel Bangkok,EN,2026-01-01 2026-04-30,TH,2026-05-10T16:09:03.745073,2026-02-23,42
Bangkok,กรุงเทพมหานคร,Travel Bangkok,EN,2026-01-01 2026-04-30,TH,2026-05-10T16:09:03.745073,2026-02-24,0
Bangkok,กรุงเทพมหานคร,Travel Bangkok,EN,2026-01-01 2026-04-30,TH,2026-05-10T16:09:03.745073,2026-02-25,47
Bangkok,กรุงเทพมหานคร,Travel Bangkok,EN,2026-01-01 2026-04-30,TH,2026-05-10T16:09:03.745073,2026-02-26,61
Bangkok,กรุงเทพมหานคร,Travel Bangkok,EN,2026-01-01 2026-04-30,TH,2026-05-10T16:09:03.745073,2026-02-27,60
Bangkok,กรุงเทพมหานคร,Travel Bangkok,EN,2026-01-01 2026-04-30,TH,2026-05-10T16:09:03.745073,2026-02-28,37
Bangkok,กรุงเทพมหานคร,Travel Bangkok,EN,2026-01-01 2026-04-30,TH,2026-05-10T16:09:03.745073,2026-03-01,45
Bangkok,กรุงเทพมหานคร,Travel Bangkok,EN,2026-01-01 2026-04-30,TH,2026-05-10T16:09:03.745073,2026-03-02,44
Bangkok,กรุงเทพมหานคร,Travel Bangkok,EN,2026-01-01 2026-04-30,TH,2026-05-10T16:09:03.745073,2026-03-03,100
Bangkok,กรุงเทพมหานคร,Travel Bangkok,EN,2026-01-01 2026-04-30,TH,2026-05-10T16:09:03.745073,2026-03-04,46
Bangkok,กรุงเทพมหานคร,Travel Bangkok,EN,2026-01-01 2026-04-30,TH,2026-05-10T16:09:03.745073,2026-03-05,32
Bangkok,กรุงเทพมหานคร,Travel Bangkok,EN,2026-01-01 2026-04-30,TH,2026-05-10T16:09:03.745073,2026-03-06,52
Bangkok,กรุงเทพมหานคร,Travel Bangkok,EN,2026-01-01 2026-04-30,TH,2026-05-10T16:09:03.745073,2026-03-07,44
Bangkok,กรุงเทพมหานคร,Travel Bangkok,EN,2026-01-01 2026-04-30,TH,2026-05-10T16:09:03.745073,2026-03-08,54
Bangkok,กรุงเทพมหานคร,Travel Bangkok,EN,2026-01-01 2026-04-30,TH,2026-05-10T16:09:03.745073,2026-03-09,39
Bangkok,กรุงเทพมหานคร,Travel Bangkok,EN,2026-01-01 2026-04-30,TH,2026-05-10T16:09:03.745073,2026-03-10,42
Bangkok,กรุงเทพมหานคร,Travel Bangkok,EN,2026-01-01 2026-04-30,TH,2026-05-10T16:09:03.745073,2026-03-11,44
Bangkok,กรุงเทพมหานคร,Travel Bangkok,EN,2026-01-01 2026-04-30,TH,2026-05-10T16:09:03.745073,2026-03-12,46
Bangkok,กรุงเทพมหานคร,Travel Bangkok,EN,2026-01-01 2026-04-30,TH,2026-05-10T16:09:03.745073,2026-03-13,42
Bangkok,กรุงเทพมหานคร,Travel Bangkok,EN,2026-01-01 2026-04-30,TH,2026-05-10T16:09:03.745073,2026-03-14,0
Bangkok,กรุงเทพมหานคร,Travel Bangkok,EN,2026-01-01 2026-04-30,TH,2026-05-10T16:09:03.745073,2026-03-15,49
Bangkok,กรุงเทพมหานคร,Travel Bangkok,EN,2026-01-01 2026-04-30,TH,2026-05-10T16:09:03.745073,2026-03-16,56
Bangkok,กรุงเทพมหานคร,Travel Bangkok,EN,2026-01-01 2026-04-30,TH,2026-05-10T16:09:03.745073,2026-03-17,33
Bangkok,กรุงเทพมหานคร,Travel Bangkok,EN,2026-01-01 2026-04-30,TH,2026-05-10T16:09:03.745073,2026-03-18,0
Bangkok,กรุงเทพมหานคร,Travel Bangkok,EN,2026-01-01 2026-04-30,TH,2026-05-10T16:09:03.745073,2026-03-19,0
Bangkok,กรุงเทพมหานคร,Travel Bangkok,EN,2026-01-01 2026-04-30,TH,2026-05-10T16:09:03.745073,2026-03-20,0
Bangkok,กรุงเทพมหานคร,Travel Bangkok,EN,2026-01-01 2026-04-30,TH,2026-05-10T16:09:03.745073,2026-03-21,48
Bangkok,กรุงเทพมหานคร,Travel Bangkok,EN,2026-01-01 2026-04-30,TH,2026-05-10T16:09:03.745073,2026-03-22,0
Bangkok,กรุงเทพมหานคร,Travel Bangkok,EN,2026-01-01 2026-04-30,TH,2026-05-10T16:09:03.745073,2026-03-23,0
Bangkok,กรุงเทพมหานคร,Travel Bangkok,EN,2026-01-01 2026-04-30,TH,2026-05-10T16:09:03.745073,2026-03-24,58
Bangkok,กรุงเทพมหานคร,Travel Bangkok,EN,2026-01-01 2026-04-30,TH,2026-05-10T16:09:03.745073,2026-03-25,38
Bangkok,กรุงเทพมหานคร,Travel Bangkok,EN,2026-01-01 2026-04-30,TH,2026-05-10T16:09:03.745073,2026-03-26,0
Bangkok,กรุงเทพมหานคร,Travel Bangkok,EN,2026-01-01 2026-04-30,TH,2026-05-10T16:09:03.745073,2026-03-27,41
Bangkok,กรุงเทพมหานคร,Travel Bangkok,EN,2026-01-01 2026-04-30,TH,2026-05-10T16:09:03.745073,2026-03-28,36
Bangkok,กรุงเทพมหานคร,Travel Bangkok,EN,2026-01-01 2026-04-30,TH,2026-05-10T16:09:03.745073,2026-03-29,0
Bangkok,กรุงเทพมหานคร,Travel Bangkok,EN,2026-01-01 2026-04-30,TH,2026-05-10T16:09:03.745073,2026-03-30,32
Bangkok,กรุงเทพมหานคร,Travel Bangkok,EN,2026-01-01 2026-04-30,TH,2026-05-10T16:09:03.745073,2026-03-31,0
Bangkok,กรุงเทพมหานคร,Travel Bangkok,EN,2026-01-01 2026-04-30,TH,2026-05-10T16:09:03.745073,2026-04-01,0
Bangkok,กรุงเทพมหานคร,Travel Bangkok,EN,2026-01-01 2026-04-30,TH,2026-05-10T16:09:03.745073,2026-04-02,37
Bangkok,กรุงเทพมหานคร,Travel Bangkok,EN,2026-01-01 2026-04-30,TH,2026-05-10T16:09:03.745073,2026-04-03,37
Bangkok,กรุงเทพมหานคร,Travel Bangkok,EN,2026-01-01 2026-04-30,TH,2026-05-10T16:09:03.745073,2026-04-04,0
Bangkok,กรุงเทพมหานคร,Travel Bangkok,EN,2026-01-01 2026-04-30,TH,2026-05-10T16:09:03.745073,2026-04-05,0
Bangkok,กรุงเทพมหานคร,Travel Bangkok,EN,2026-01-01 2026-04-30,TH,2026-05-10T16:09:03.745073,2026-04-06,37
Bangkok,กรุงเทพมหานคร,Travel Bangkok,EN,2026-01-01 2026-04-30,TH,2026-05-10T16:09:03.745073,2026-04-07,33
Bangkok,กรุงเทพมหานคร,Travel Bangkok,EN,2026-01-01 2026-04-30,TH,2026-05-10T16:09:03.745073,2026-04-08,39
Bangkok,กรุงเทพมหานคร,Travel Bangkok,EN,2026-01-01 2026-04-30,TH,2026-05-10T16:09:03.745073,2026-04-09,35
Bangkok,กรุงเทพมหานคร,Travel Bangkok,EN,2026-01-01 2026-04-30,TH,2026-05-10T16:09:03.745073,2026-04-10,33
Bangkok,กรุงเทพมหานคร,Travel Bangkok,EN,2026-01-01 2026-04-30,TH,2026-05-10T16:09:03.745073,2026-04-11,0
Bangkok,กรุงเทพมหานคร,Travel Bangkok,EN,2026-01-01 2026-04-30,TH,2026-05-10T16:09:03.745073,2026-04-12,0
Bangkok,กรุงเทพมหานคร,Travel Bangkok,EN,2026-01-01 2026-04-30,TH,2026-05-10T16:09:03.745073,2026-04-13,43
Bangkok,กรุงเทพมหานคร,Travel Bangkok,EN,2026-01-01 2026-04-30,TH,2026-05-10T16:09:03.745073,2026-04-14,0
Bangkok,กรุงเทพมหานคร,Travel Bangkok,EN,2026-01-01 2026-04-30,TH,2026-05-10T16:09:03.745073,2026-04-15,0
Bangkok,กรุงเทพมหานคร,Travel Bangkok,EN,2026-01-01 2026-04-30,TH,2026-05-10T16:09:03.745073,2026-04-16,35
Bangkok,กรุงเทพมหานคร,Travel Bangkok,EN,2026-01-01 2026-04-30,TH,2026-05-10T16:09:03.745073,2026-04-17,37
Bangkok,กรุงเทพมหานคร,Travel Bangkok,EN,2026-01-01 2026-04-30,TH,2026-05-10T16:09:03.745073,2026-04-18,0
Bangkok,กรุงเทพมหานคร,Travel Bangkok,EN,2026-01-01 2026-04-30,TH,2026-05-10T16:09:03.745073,2026-04-19,0
Bangkok,กรุงเทพมหานคร,Travel Bangkok,EN,2026-01-01 2026-04-30,TH,2026-05-10T16:09:03.745073,2026-04-20,32
Bangkok,กรุงเทพมหานคร,Travel Bangkok,EN,2026-01-01 2026-04-30,TH,2026-05-10T16:09:03.745073,2026-04-21,31
Bangkok,กรุงเทพมหานคร,Travel Bangkok,EN,2026-01-01 2026-04-30,TH,2026-05-10T16:09:03.745073,2026-04-22,0
Bangkok,กรุงเทพมหานคร,Travel Bangkok,EN,2026-01-01 2026-04-30,TH,2026-05-10T16:09:03.745073,2026-04-23,0
Bangkok,กรุงเทพมหานคร,Travel Bangkok,EN,2026-01-01 2026-04-30,TH,2026-05-10T16:09:03.745073,2026-04-24,0
Bangkok,กรุงเทพมหานคร,Travel Bangkok,EN,2026-01-01 2026-04-30,TH,2026-05-10T16:09:03.745073,2026-04-25,0
Bangkok,กรุงเทพมหานคร,Travel Bangkok,EN,2026-01-01 2026-04-30,TH,2026-05-10T16:09:03.745073,2026-04-26,19
Bangkok,กรุงเทพมหานคร,Travel Bangkok,EN,2026-01-01 2026-04-30,TH,2026-05-10T16:09:03.745073,2026-04-27,15
Bangkok,กรุงเทพมหานคร,Travel Bangkok,EN,2026-01-01 2026-04-30,TH,2026-05-10T16:09:03.745073,2026-04-28,19
Bangkok,กรุงเทพมหานคร,Travel Bangkok,EN,2026-01-01 2026-04-30,TH,2026-05-10T16:09:03.745073,2026-04-29,18
Bangkok,กรุงเทพมหานคร,Travel Bangkok,EN,2026-01-01 2026-04-30,TH,2026-05-10T16:09:03.745073,2026-04-30,18
Bangkok,กรุงเทพมหานคร,Travel Bangkok,EN,2026-01-01 2026-04-30,TH,2026-05-10T16:09:34.589873,2026-01-01,51
Bangkok,กรุงเทพมหานคร,Travel Bangkok,EN,2026-01-01 2026-04-30,TH,2026-05-10T16:09:34.589873,2026-01-02,35
Bangkok,กรุงเทพมหานคร,Travel Bangkok,EN,2026-01-01 2026-04-30,TH,2026-05-10T16:09:34.589873,2026-01-03,74
Bangkok,กรุงเทพมหานคร,Travel Bangkok,EN,2026-01-01 2026-04-30,TH,2026-05-10T16:09:34.589873,2026-01-04,61
Bangkok,กรุงเทพมหานคร,Travel Bangkok,EN,2026-01-01 2026-04-30,TH,2026-05-10T16:09:34.589873,2026-01-05,36
Bangkok,กรุงเทพมหานคร,Travel Bangkok,EN,2026-01-01 2026-04-30,TH,2026-05-10T16:09:34.589873,2026-01-06,39
Bangkok,กรุงเทพมหานคร,Travel Bangkok,EN,2026-01-01 2026-04-30,TH,2026-05-10T16:09:34.589873,2026-01-07,40
Bangkok,กรุงเทพมหานคร,Travel Bangkok,EN,2026-01-01 2026-04-30,TH,2026-05-10T16:09:34.589873,2026-01-08,38
Bangkok,กรุงเทพมหานคร,Travel Bangkok,EN,2026-01-01 2026-04-30,TH,2026-05-10T16:09:34.589873,2026-01-09,0
Bangkok,กรุงเทพมหานคร,Travel Bangkok,EN,2026-01-01 2026-04-30,TH,2026-05-10T16:09:34.589873,2026-01-10,53
Bangkok,กรุงเทพมหานคร,Travel Bangkok,EN,2026-01-01 2026-04-30,TH,2026-05-10T16:09:34.589873,2026-01-11,46
Bangkok,กรุงเทพมหานคร,Travel Bangkok,EN,2026-01-01 2026-04-30,TH,2026-05-10T16:09:34.589873,2026-01-12,51
Bangkok,กรุงเทพมหานคร,Travel Bangkok,EN,2026-01-01 2026-04-30,TH,2026-05-10T16:09:34.589873,2026-01-13,37
Bangkok,กรุงเทพมหานคร,Travel Bangkok,EN,2026-01-01 2026-04-30,TH,2026-05-10T16:09:34.589873,2026-01-14,66
Bangkok,กรุงเทพมหานคร,Travel Bangkok,EN,2026-01-01 2026-04-30,TH,2026-05-10T16:09:34.589873,2026-01-15,51
Bangkok,กรุงเทพมหานคร,Travel Bangkok,EN,2026-01-01 2026-04-30,TH,2026-05-10T16:09:34.589873,2026-01-16,35
Bangkok,กรุงเทพมหานคร,Travel Bangkok,EN,2026-01-01 2026-04-30,TH,2026-05-10T16:09:34.589873,2026-01-17,33
Bangkok,กรุงเทพมหานคร,Travel Bangkok,EN,2026-01-01 2026-04-30,TH,2026-05-10T16:09:34.589873,2026-01-18,63
Bangkok,กรุงเทพมหานคร,Travel Bangkok,EN,2026-01-01 2026-04-30,TH,2026-05-10T16:09:34.589873,2026-01-19,31
Bangkok,กรุงเทพมหานคร,Travel Bangkok,EN,2026-01-01 2026-04-30,TH,2026-05-10T16:09:34.589873,2026-01-20,70
Bangkok,กรุงเทพมหานคร,Travel Bangkok,EN,2026-01-01 2026-04-30,TH,2026-05-10T16:09:34.589873,2026-01-21,0
Bangkok,กรุงเทพมหานคร,Travel Bangkok,EN,2026-01-01 2026-04-30,TH,2026-05-10T16:09:34.589873,2026-01-22,55
Bangkok,กรุงเทพมหานคร,Travel Bangkok,EN,2026-01-01 2026-04-30,TH,2026-05-10T16:09:34.589873,2026-01-23,0
Bangkok,กรุงเทพมหานคร,Travel Bangkok,EN,2026-01-01 2026-04-30,TH,2026-05-10T16:09:34.589873,2026-01-24,66
Bangkok,กรุงเทพมหานคร,Travel Bangkok,EN,2026-01-01 2026-04-30,TH,2026-05-10T16:09:34.589873,2026-01-25,63
Bangkok,กรุงเทพมหานคร,Travel Bangkok,EN,2026-01-01 2026-04-30,TH,2026-05-10T16:09:34.589873,2026-01-26,40
Bangkok,กรุงเทพมหานคร,Travel Bangkok,EN,2026-01-01 2026-04-30,TH,2026-05-10T16:09:34.589873,2026-01-27,62
Bangkok,กรุงเทพมหานคร,Travel Bangkok,EN,2026-01-01 2026-04-30,TH,2026-05-10T16:09:34.589873,2026-01-28,33
Bangkok,กรุงเทพมหานคร,Travel Bangkok,EN,2026-01-01 2026-04-30,TH,2026-05-10T16:09:34.589873,2026-01-29,50
Bangkok,กรุงเทพมหานคร,Travel Bangkok,EN,2026-01-01 2026-04-30,TH,2026-05-10T16:09:34.589873,2026-01-30,0
Bangkok,กรุงเทพมหานคร,Travel Bangkok,EN,2026-01-01 2026-04-30,TH,2026-05-10T16:09:34.589873,2026-01-31,0
Bangkok,กรุงเทพมหานคร,Travel Bangkok,EN,2026-01-01 2026-04-30,TH,2026-05-10T16:09:34.589873,2026-02-01,54
Bangkok,กรุงเทพมหานคร,Travel Bangkok,EN,2026-01-01 2026-04-30,TH,2026-05-10T16:09:34.589873,2026-02-02,32
Bangkok,กรุงเทพมหานคร,Travel Bangkok,EN,2026-01-01 2026-04-30,TH,2026-05-10T16:09:34.589873,2026-02-03,33
Bangkok,กรุงเทพมหานคร,Travel Bangkok,EN,2026-01-01 2026-04-30,TH,2026-05-10T16:09:34.589873,2026-02-04,71
Bangkok,กรุงเทพมหานคร,Travel Bangkok,EN,2026-01-01 2026-04-30,TH,2026-05-10T16:09:34.589873,2026-02-05,42
Bangkok,กรุงเทพมหานคร,Travel Bangkok,EN,2026-01-01 2026-04-30,TH,2026-05-10T16:09:34.589873,2026-02-06,48
Bangkok,กรุงเทพมหานคร,Travel Bangkok,EN,2026-01-01 2026-04-30,TH,2026-05-10T16:09:34.589873,2026-02-07,36
Bangkok,กรุงเทพมหานคร,Travel Bangkok,EN,2026-01-01 2026-04-30,TH,2026-05-10T16:09:34.589873,2026-02-08,55
Bangkok,กรุงเทพมหานคร,Travel Bangkok,EN,2026-01-01 2026-04-30,TH,2026-05-10T16:09:34.589873,2026-02-09,64
Bangkok,กรุงเทพมหานคร,Travel Bangkok,EN,2026-01-01 2026-04-30,TH,2026-05-10T16:09:34.589873,2026-02-10,38
Bangkok,กรุงเทพมหานคร,Travel Bangkok,EN,2026-01-01 2026-04-30,TH,2026-05-10T16:09:34.589873,2026-02-11,48
Bangkok,กรุงเทพมหานคร,Travel Bangkok,EN,2026-01-01 2026-04-30,TH,2026-05-10T16:09:34.589873,2026-02-12,67
Bangkok,กรุงเทพมหานคร,Travel Bangkok,EN,2026-01-01 2026-04-30,TH,2026-05-10T16:09:34.589873,2026-02-13,53
Bangkok,กรุงเทพมหานคร,Travel Bangkok,EN,2026-01-01 2026-04-30,TH,2026-05-10T16:09:34.589873,2026-02-14,35
Bangkok,กรุงเทพมหานคร,Travel Bangkok,EN,2026-01-01 2026-04-30,TH,2026-05-10T16:09:34.589873,2026-02-15,51
Bangkok,กรุงเทพมหานคร,Travel Bangkok,EN,2026-01-01 2026-04-30,TH,2026-05-10T16:09:34.589873,2026-02-16,87
Bangkok,กรุงเทพมหานคร,Travel Bangkok,EN,2026-01-01 2026-04-30,TH,2026-05-10T16:09:34.589873,2026-02-17,64
Bangkok,กรุงเทพมหานคร,Travel Bangkok,EN,2026-01-01 2026-04-30,TH,2026-05-10T16:09:34.589873,2026-02-18,39
Bangkok,กรุงเทพมหานคร,Travel Bangkok,EN,2026-01-01 2026-04-30,TH,2026-05-10T16:09:34.589873,2026-02-19,51
Bangkok,กรุงเทพมหานคร,Travel Bangkok,EN,2026-01-01 2026-04-30,TH,2026-05-10T16:09:34.589873,2026-02-20,42
Bangkok,กรุงเทพมหานคร,Travel Bangkok,EN,2026-01-01 2026-04-30,TH,2026-05-10T16:09:34.589873,2026-02-21,44
Bangkok,กรุงเทพมหานคร,Travel Bangkok,EN,2026-01-01 2026-04-30,TH,2026-05-10T16:09:34.589873,2026-02-22,50
Bangkok,กรุงเทพมหานคร,Travel Bangkok,EN,2026-01-01 2026-04-30,TH,2026-05-10T16:09:34.589873,2026-02-23,42
Bangkok,กรุงเทพมหานคร,Travel Bangkok,EN,2026-01-01 2026-04-30,TH,2026-05-10T16:09:34.589873,2026-02-24,0
Bangkok,กรุงเทพมหานคร,Travel Bangkok,EN,2026-01-01 2026-04-30,TH,2026-05-10T16:09:34.589873,2026-02-25,47
Bangkok,กรุงเทพมหานคร,Travel Bangkok,EN,2026-01-01 2026-04-30,TH,2026-05-10T16:09:34.589873,2026-02-26,61
Bangkok,กรุงเทพมหานคร,Travel Bangkok,EN,2026-01-01 2026-04-30,TH,2026-05-10T16:09:34.589873,2026-02-27,60
Bangkok,กรุงเทพมหานคร,Travel Bangkok,EN,2026-01-01 2026-04-30,TH,2026-05-10T16:09:34.589873,2026-02-28,37
Bangkok,กรุงเทพมหานคร,Travel Bangkok,EN,2026-01-01 2026-04-30,TH,2026-05-10T16:09:34.589873,2026-03-01,45
Bangkok,กรุงเทพมหานคร,Travel Bangkok,EN,2026-01-01 2026-04-30,TH,2026-05-10T16:09:34.589873,2026-03-02,44
Bangkok,กรุงเทพมหานคร,Travel Bangkok,EN,2026-01-01 2026-04-30,TH,2026-05-10T16:09:34.589873,2026-03-03,100
Bangkok,กรุงเทพมหานคร,Travel Bangkok,EN,2026-01-01 2026-04-30,TH,2026-05-10T16:09:34.589873,2026-03-04,46
Bangkok,กรุงเทพมหานคร,Travel Bangkok,EN,2026-01-01 2026-04-30,TH,2026-05-10T16:09:34.589873,2026-03-05,32
Bangkok,กรุงเทพมหานคร,Travel Bangkok,EN,2026-01-01 2026-04-30,TH,2026-05-10T16:09:34.589873,2026-03-06,52
Bangkok,กรุงเทพมหานคร,Travel Bangkok,EN,2026-01-01 2026-04-30,TH,2026-05-10T16:09:34.589873,2026-03-07,44
Bangkok,กรุงเทพมหานคร,Travel Bangkok,EN,2026-01-01 2026-04-30,TH,2026-05-10T16:09:34.589873,2026-03-08,54
Bangkok,กรุงเทพมหานคร,Travel Bangkok,EN,2026-01-01 2026-04-30,TH,2026-05-10T16:09:34.589873,2026-03-09,39
Bangkok,กรุงเทพมหานคร,Travel Bangkok,EN,2026-01-01 2026-04-30,TH,2026-05-10T16:09:34.589873,2026-03-10,42
Bangkok,กรุงเทพมหานคร,Travel Bangkok,EN,2026-01-01 2026-04-30,TH,2026-05-10T16:09:34.589873,2026-03-11,44
Bangkok,กรุงเทพมหานคร,Travel Bangkok,EN,2026-01-01 2026-04-30,TH,2026-05-10T16:09:34.589873,2026-03-12,46
Bangkok,กรุงเทพมหานคร,Travel Bangkok,EN,2026-01-01 2026-04-30,TH,2026-05-10T16:09:34.589873,2026-03-13,42
Bangkok,กรุงเทพมหานคร,Travel Bangkok,EN,2026-01-01 2026-04-30,TH,2026-05-10T16:09:34.589873,2026-03-14,0
Bangkok,กรุงเทพมหานคร,Travel Bangkok,EN,2026-01-01 2026-04-30,TH,2026-05-10T16:09:34.589873,2026-03-15,49
Bangkok,กรุงเทพมหานคร,Travel Bangkok,EN,2026-01-01 2026-04-30,TH,2026-05-10T16:09:34.589873,2026-03-16,56
Bangkok,กรุงเทพมหานคร,Travel Bangkok,EN,2026-01-01 2026-04-30,TH,2026-05-10T16:09:34.589873,2026-03-17,33
Bangkok,กรุงเทพมหานคร,Travel Bangkok,EN,2026-01-01 2026-04-30,TH,2026-05-10T16:09:34.589873,2026-03-18,0
Bangkok,กรุงเทพมหานคร,Travel Bangkok,EN,2026-01-01 2026-04-30,TH,2026-05-10T16:09:34.589873,2026-03-19,0
Bangkok,กรุงเทพมหานคร,Travel Bangkok,EN,2026-01-01 2026-04-30,TH,2026-05-10T16:09:34.589873,2026-03-20,0
Bangkok,กรุงเทพมหานคร,Travel Bangkok,EN,2026-01-01 2026-04-30,TH,2026-05-10T16:09:34.589873,2026-03-21,48
Bangkok,กรุงเทพมหานคร,Travel Bangkok,EN,2026-01-01 2026-04-30,TH,2026-05-10T16:09:34.589873,2026-03-22,0
Bangkok,กรุงเทพมหานคร,Travel Bangkok,EN,2026-01-01 2026-04-30,TH,2026-05-10T16:09:34.589873,2026-03-23,0
Bangkok,กรุงเทพมหานคร,Travel Bangkok,EN,2026-01-01 2026-04-30,TH,2026-05-10T16:09:34.589873,2026-03-24,58
Bangkok,กรุงเทพมหานคร,Travel Bangkok,EN,2026-01-01 2026-04-30,TH,2026-05-10T16:09:34.589873,2026-03-25,38
Bangkok,กรุงเทพมหานคร,Travel Bangkok,EN,2026-01-01 2026-04-30,TH,2026-05-10T16:09:34.589873,2026-03-26,0
Bangkok,กรุงเทพมหานคร,Travel Bangkok,EN,2026-01-01 2026-04-30,TH,2026-05-10T16:09:34.589873,2026-03-27,41
Bangkok,กรุงเทพมหานคร,Travel Bangkok,EN,2026-01-01 2026-04-30,TH,2026-05-10T16:09:34.589873,2026-03-28,36
Bangkok,กรุงเทพมหานคร,Travel Bangkok,EN,2026-01-01 2026-04-30,TH,2026-05-10T16:09:34.589873,2026-03-29,0
Bangkok,กรุงเทพมหานคร,Travel Bangkok,EN,2026-01-01 2026-04-30,TH,2026-05-10T16:09:34.589873,2026-03-30,32
Bangkok,กรุงเทพมหานคร,Travel Bangkok,EN,2026-01-01 2026-04-30,TH,2026-05-10T16:09:34.589873,2026-03-31,0
Bangkok,กรุงเทพมหานคร,Travel Bangkok,EN,2026-01-01 2026-04-30,TH,2026-05-10T16:09:34.589873,2026-04-01,0
Bangkok,กรุงเทพมหานคร,Travel Bangkok,EN,2026-01-01 2026-04-30,TH,2026-05-10T16:09:34.589873,2026-04-02,37
Bangkok,กรุงเทพมหานคร,Travel Bangkok,EN,2026-01-01 2026-04-30,TH,2026-05-10T16:09:34.589873,2026-04-03,37
Bangkok,กรุงเทพมหานคร,Travel Bangkok,EN,2026-01-01 2026-04-30,TH,2026-05-10T16:09:34.589873,2026-04-04,0
Bangkok,กรุงเทพมหานคร,Travel Bangkok,EN,2026-01-01 2026-04-30,TH,2026-05-10T16:09:34.589873,2026-04-05,0
Bangkok,กรุงเทพมหานคร,Travel Bangkok,EN,2026-01-01 2026-04-30,TH,2026-05-10T16:09:34.589873,2026-04-06,37
Bangkok,กรุงเทพมหานคร,Travel Bangkok,EN,2026-01-01 2026-04-30,TH,2026-05-10T16:09:34.589873,2026-04-07,33
Bangkok,กรุงเทพมหานคร,Travel Bangkok,EN,2026-01-01 2026-04-30,TH,2026-05-10T16:09:34.589873,2026-04-08,39
Bangkok,กรุงเทพมหานคร,Travel Bangkok,EN,2026-01-01 2026-04-30,TH,2026-05-10T16:09:34.589873,2026-04-09,35
Bangkok,กรุงเทพมหานคร,Travel Bangkok,EN,2026-01-01 2026-04-30,TH,2026-05-10T16:09:34.589873,2026-04-10,33
Bangkok,กรุงเทพมหานคร,Travel Bangkok,EN,2026-01-01 2026-04-30,TH,2026-05-10T16:09:34.589873,2026-04-11,0
Bangkok,กรุงเทพมหานคร,Travel Bangkok,EN,2026-01-01 2026-04-30,TH,2026-05-10T16:09:34.589873,2026-04-12,0
Bangkok,กรุงเทพมหานคร,Travel Bangkok,EN,2026-01-01 2026-04-30,TH,2026-05-10T16:09:34.589873,2026-04-13,43
Bangkok,กรุงเทพมหานคร,Travel Bangkok,EN,2026-01-01 2026-04-30,TH,2026-05-10T16:09:34.589873,2026-04-14,0
Bangkok,กรุงเทพมหานคร,Travel Bangkok,EN,2026-01-01 2026-04-30,TH,2026-05-10T16:09:34.589873,2026-04-15,0
Bangkok,กรุงเทพมหานคร,Travel Bangkok,EN,2026-01-01 2026-04-30,TH,2026-05-10T16:09:34.589873,2026-04-16,35
Bangkok,กรุงเทพมหานคร,Travel Bangkok,EN,2026-01-01 2026-04-30,TH,2026-05-10T16:09:34.589873,2026-04-17,37
Bangkok,กรุงเทพมหานคร,Travel Bangkok,EN,2026-01-01 2026-04-30,TH,2026-05-10T16:09:34.589873,2026-04-18,0
Bangkok,กรุงเทพมหานคร,Travel Bangkok,EN,2026-01-01 2026-04-30,TH,2026-05-10T16:09:34.589873,2026-04-19,0
Bangkok,กรุงเทพมหานคร,Travel Bangkok,EN,2026-01-01 2026-04-30,TH,2026-05-10T16:09:34.589873,2026-04-20,32
Bangkok,กรุงเทพมหานคร,Travel Bangkok,EN,2026-01-01 2026-04-30,TH,2026-05-10T16:09:34.589873,2026-04-21,31
Bangkok,กรุงเทพมหานคร,Travel Bangkok,EN,2026-01-01 2026-04-30,TH,2026-05-10T16:09:34.589873,2026-04-22,0
Bangkok,กรุงเทพมหานคร,Travel Bangkok,EN,2026-01-01 2026-04-30,TH,2026-05-10T16:09:34.589873,2026-04-23,0
Bangkok,กรุงเทพมหานคร,Travel Bangkok,EN,2026-01-01 2026-04-30,TH,2026-05-10T16:09:34.589873,2026-04-24,0
Bangkok,กรุงเทพมหานคร,Travel Bangkok,EN,2026-01-01 2026-04-30,TH,2026-05-10T16:09:34.589873,2026-04-25,0
Bangkok,กรุงเทพมหานคร,Travel Bangkok,EN,2026-01-01 2026-04-30,TH,2026-05-10T16:09:34.589873,2026-04-26,19
Bangkok,กรุงเทพมหานคร,Travel Bangkok,EN,2026-01-01 2026-04-30,TH,2026-05-10T16:09:34.589873,2026-04-27,15
Bangkok,กรุงเทพมหานคร,Travel Bangkok,EN,2026-01-01 2026-04-30,TH,2026-05-10T16:09:34.589873,2026-04-28,19
Bangkok,กรุงเทพมหานคร,Travel Bangkok,EN,2026-01-01 2026-04-30,TH,2026-05-10T16:09:34.589873,2026-04-29,18
Bangkok,กรุงเทพมหานคร,Travel Bangkok,EN,2026-01-01 2026-04-30,TH,2026-05-10T16:09:34.589873,2026-04-30,18
Bangkok,กรุงเทพมหานคร,เที่ยว กรุงเทพมหานคร,TH,2026-01-01 2026-04-30,TH,2026-05-10T16:10:42.838015,2026-01-01,0
Bangkok,กรุงเทพมหานคร,เที่ยว กรุงเทพมหานคร,TH,2026-01-01 2026-04-30,TH,2026-05-10T16:10:42.838015,2026-01-02,0
Bangkok,กรุงเทพมหานคร,เที่ยว กรุงเทพมหานคร,TH,2026-01-01 2026-04-30,TH,2026-05-10T16:10:42.838015,2026-01-03,0
Bangkok,กรุงเทพมหานคร,เที่ยว กรุงเทพมหานคร,TH,2026-01-01 2026-04-30,TH,2026-05-10T16:10:42.838015,2026-01-04,0
Bangkok,กรุงเทพมหานคร,เที่ยว กรุงเทพมหานคร,TH,2026-01-01 2026-04-30,TH,2026-05-10T16:10:42.838015,2026-01-05,0
Bangkok,กรุงเทพมหานคร,เที่ยว กรุงเทพมหานคร,TH,2026-01-01 2026-04-30,TH,2026-05-10T16:10:42.838015,2026-01-06,0
Bangkok,กรุงเทพมหานคร,เที่ยว กรุงเทพมหานคร,TH,2026-01-01 2026-04-30,TH,2026-05-10T16:10:42.838015,2026-01-07,0
Bangkok,กรุงเทพมหานคร,เที่ยว กรุงเทพมหานคร,TH,2026-01-01 2026-04-30,TH,2026-05-10T16:10:42.838015,2026-01-08,0
Bangkok,กรุงเทพมหานคร,เที่ยว กรุงเทพมหานคร,TH,2026-01-01 2026-04-30,TH,2026-05-10T16:10:42.838015,2026-01-09,0
Bangkok,กรุงเทพมหานคร,เที่ยว กรุงเทพมหานคร,TH,2026-01-01 2026-04-30,TH,2026-05-10T16:10:42.838015,2026-01-10,0
Bangkok,กรุงเทพมหานคร,เที่ยว กรุงเทพมหานคร,TH,2026-01-01 2026-04-30,TH,2026-05-10T16:10:42.838015,2026-01-11,0
Bangkok,กรุงเทพมหานคร,เที่ยว กรุงเทพมหานคร,TH,2026-01-01 2026-04-30,TH,2026-05-10T16:10:42.838015,2026-01-12,0
Bangkok,กรุงเทพมหานคร,เที่ยว กรุงเทพมหานคร,TH,2026-01-01 2026-04-30,TH,2026-05-10T16:10:42.838015,2026-01-13,0
Bangkok,กรุงเทพมหานคร,เที่ยว กรุงเทพมหานคร,TH,2026-01-01 2026-04-30,TH,2026-05-10T16:10:42.838015,2026-01-14,0
Bangkok,กรุงเทพมหานคร,เที่ยว กรุงเทพมหานคร,TH,2026-01-01 2026-04-30,TH,2026-05-10T16:10:42.838015,2026-01-15,0
Bangkok,กรุงเทพมหานคร,เที่ยว กรุงเทพมหานคร,TH,2026-01-01 2026-04-30,TH,2026-05-10T16:10:42.838015,2026-01-16,0
Bangkok,กรุงเทพมหานคร,เที่ยว กรุงเทพมหานคร,TH,2026-01-01 2026-04-30,TH,2026-05-10T16:10:42.838015,2026-01-17,0
Bangkok,กรุงเทพมหานคร,เที่ยว กรุงเทพมหานคร,TH,2026-01-01 2026-04-30,TH,2026-05-10T16:10:42.838015,2026-01-18,0
Bangkok,กรุงเทพมหานคร,เที่ยว กรุงเทพมหานคร,TH,2026-01-01 2026-04-30,TH,2026-05-10T16:10:42.838015,2026-01-19,0
Bangkok,กรุงเทพมหานคร,เที่ยว กรุงเทพมหานคร,TH,2026-01-01 2026-04-30,TH,2026-05-10T16:10:42.838015,2026-01-20,0
Bangkok,กรุงเทพมหานคร,เที่ยว กรุงเทพมหานคร,TH,2026-01-01 2026-04-30,TH,2026-05-10T16:10:42.838015,2026-01-21,0
Bangkok,กรุงเทพมหานคร,เที่ยว กรุงเทพมหานคร,TH,2026-01-01 2026-04-30,TH,2026-05-10T16:10:42.838015,2026-01-22,0
Bangkok,กรุงเทพมหานคร,เที่ยว กรุงเทพมหานคร,TH,2026-01-01 2026-04-30,TH,2026-05-10T16:10:42.838015,2026-01-23,0
Bangkok,กรุงเทพมหานคร,เที่ยว กรุงเทพมหานคร,TH,2026-01-01 2026-04-30,TH,2026-05-10T16:10:42.838015,2026-01-24,0
Bangkok,กรุงเทพมหานคร,เที่ยว กรุงเทพมหานคร,TH,2026-01-01 2026-04-30,TH,2026-05-10T16:10:42.838015,2026-01-25,0
Bangkok,กรุงเทพมหานคร,เที่ยว กรุงเทพมหานคร,TH,2026-01-01 2026-04-30,TH,2026-05-10T16:10:42.838015,2026-01-26,0
Bangkok,กรุงเทพมหานคร,เที่ยว กรุงเทพมหานคร,TH,2026-01-01 2026-04-30,TH,2026-05-10T16:10:42.838015,2026-01-27,0
Bangkok,กรุงเทพมหานคร,เที่ยว กรุงเทพมหานคร,TH,2026-01-01 2026-04-30,TH,2026-05-10T16:10:42.838015,2026-01-28,0
Bangkok,กรุงเทพมหานคร,เที่ยว กรุงเทพมหานคร,TH,2026-01-01 2026-04-30,TH,2026-05-10T16:10:42.838015,2026-01-29,0
Bangkok,กรุงเทพมหานคร,เที่ยว กรุงเทพมหานคร,TH,2026-01-01 2026-04-30,TH,2026-05-10T16:10:42.838015,2026-01-30,0
Bangkok,กรุงเทพมหานคร,เที่ยว กรุงเทพมหานคร,TH,2026-01-01 2026-04-30,TH,2026-05-10T16:10:42.838015,2026-01-31,0
Bangkok,กรุงเทพมหานคร,เที่ยว กรุงเทพมหานคร,TH,2026-01-01 2026-04-30,TH,2026-05-10T16:10:42.838015,2026-02-01,0
Bangkok,กรุงเทพมหานคร,เที่ยว กรุงเทพมหานคร,TH,2026-01-01 2026-04-30,TH,2026-05-10T16:10:42.838015,2026-02-02,0
Bangkok,กรุงเทพมหานคร,เที่ยว กรุงเทพมหานคร,TH,2026-01-01 2026-04-30,TH,2026-05-10T16:10:42.838015,2026-02-03,0
Bangkok,กรุงเทพมหานคร,เที่ยว กรุงเทพมหานคร,TH,2026-01-01 2026-04-30,TH,2026-05-10T16:10:42.838015,2026-02-04,0
Bangkok,กรุงเทพมหานคร,เที่ยว กรุงเทพมหานคร,TH,2026-01-01 2026-04-30,TH,2026-05-10T16:10:42.838015,2026-02-05,0
Bangkok,กรุงเทพมหานคร,เที่ยว กรุงเทพมหานคร,TH,2026-01-01 2026-04-30,TH,2026-05-10T16:10:42.838015,2026-02-06,0
Bangkok,กรุงเทพมหานคร,เที่ยว กรุงเทพมหานคร,TH,2026-01-01 2026-04-30,TH,2026-05-10T16:10:42.838015,2026-02-07,0
Bangkok,กรุงเทพมหานคร,เที่ยว กรุงเทพมหานคร,TH,2026-01-01 2026-04-30,TH,2026-05-10T16:10:42.838015,2026-02-08,0
Bangkok,กรุงเทพมหานคร,เที่ยว กรุงเทพมหานคร,TH,2026-01-01 2026-04-30,TH,2026-05-10T16:10:42.838015,2026-02-09,0
Bangkok,กรุงเทพมหานคร,เที่ยว กรุงเทพมหานคร,TH,2026-01-01 2026-04-30,TH,2026-05-10T16:10:42.838015,2026-02-10,0
Bangkok,กรุงเทพมหานคร,เที่ยว กรุงเทพมหานคร,TH,2026-01-01 2026-04-30,TH,2026-05-10T16:10:42.838015,2026-02-11,0
Bangkok,กรุงเทพมหานคร,เที่ยว กรุงเทพมหานคร,TH,2026-01-01 2026-04-30,TH,2026-05-10T16:10:42.838015,2026-02-12,0
Bangkok,กรุงเทพมหานคร,เที่ยว กรุงเทพมหานคร,TH,2026-01-01 2026-04-30,TH,2026-05-10T16:10:42.838015,2026-02-13,0
Bangkok,กรุงเทพมหานคร,เที่ยว กรุงเทพมหานคร,TH,2026-01-01 2026-04-30,TH,2026-05-10T16:10:42.838015,2026-02-14,0
Bangkok,กรุงเทพมหานคร,เที่ยว กรุงเทพมหานคร,TH,2026-01-01 2026-04-30,TH,2026-05-10T16:10:42.838015,2026-02-15,0
Bangkok,กรุงเทพมหานคร,เที่ยว กรุงเทพมหานคร,TH,2026-01-01 2026-04-30,TH,2026-05-10T16:10:42.838015,2026-02-16,0
Bangkok,กรุงเทพมหานคร,เที่ยว กรุงเทพมหานคร,TH,2026-01-01 2026-04-30,TH,2026-05-10T16:10:42.838015,2026-02-17,0
Bangkok,กรุงเทพมหานคร,เที่ยว กรุงเทพมหานคร,TH,2026-01-01 2026-04-30,TH,2026-05-10T16:10:42.838015,2026-02-18,0
Bangkok,กรุงเทพมหานคร,เที่ยว กรุงเทพมหานคร,TH,2026-01-01 2026-04-30,TH,2026-05-10T16:10:42.838015,2026-02-19,0
Bangkok,กรุงเทพมหานคร,เที่ยว กรุงเทพมหานคร,TH,2026-01-01 2026-04-30,TH,2026-05-10T16:10:42.838015,2026-02-20,0
Bangkok,กรุงเทพมหานคร,เที่ยว กรุงเทพมหานคร,TH,2026-01-01 2026-04-30,TH,2026-05-10T16:10:42.838015,2026-02-21,0
Bangkok,กรุงเทพมหานคร,เที่ยว กรุงเทพมหานคร,TH,2026-01-01 2026-04-30,TH,2026-05-10T16:10:42.838015,2026-02-22,0
Bangkok,กรุงเทพมหานคร,เที่ยว กรุงเทพมหานคร,TH,2026-01-01 2026-04-30,TH,2026-05-10T16:10:42.838015,2026-02-23,0
Bangkok,กรุงเทพมหานคร,เที่ยว กรุงเทพมหานคร,TH,2026-01-01 2026-04-30,TH,2026-05-10T16:10:42.838015,2026-02-24,0
Bangkok,กรุงเทพมหานคร,เที่ยว กรุงเทพมหานคร,TH,2026-01-01 2026-04-30,TH,2026-05-10T16:10:42.838015,2026-02-25,0
Bangkok,กรุงเทพมหานคร,เที่ยว กรุงเทพมหานคร,TH,2026-01-01 2026-04-30,TH,2026-05-10T16:10:42.838015,2026-02-26,0
Bangkok,กรุงเทพมหานคร,เที่ยว กรุงเทพมหานคร,TH,2026-01-01 2026-04-30,TH,2026-05-10T16:10:42.838015,2026-02-27,0
Bangkok,กรุงเทพมหานคร,เที่ยว กรุงเทพมหานคร,TH,2026-01-01 2026-04-30,TH,2026-05-10T16:10:42.838015,2026-02-28,0
Bangkok,กรุงเทพมหานคร,เที่ยว กรุงเทพมหานคร,TH,2026-01-01 2026-04-30,TH,2026-05-10T16:10:42.838015,2026-03-01,0
Bangkok,กรุงเทพมหานคร,เที่ยว กรุงเทพมหานคร,TH,2026-01-01 2026-04-30,TH,2026-05-10T16:10:42.838015,2026-03-02,0
Bangkok,กรุงเทพมหานคร,เที่ยว กรุงเทพมหานคร,TH,2026-01-01 2026-04-30,TH,2026-05-10T16:10:42.838015,2026-03-03,0
Bangkok,กรุงเทพมหานคร,เที่ยว กรุงเทพมหานคร,TH,2026-01-01 2026-04-30,TH,2026-05-10T16:10:42.838015,2026-03-04,0
Bangkok,กรุงเทพมหานคร,เที่ยว กรุงเทพมหานคร,TH,2026-01-01 2026-04-30,TH,2026-05-10T16:10:42.838015,2026-03-05,0
Bangkok,กรุงเทพมหานคร,เที่ยว กรุงเทพมหานคร,TH,2026-01-01 2026-04-30,TH,2026-05-10T16:10:42.838015,2026-03-06,0
Bangkok,กรุงเทพมหานคร,เที่ยว กรุงเทพมหานคร,TH,2026-01-01 2026-04-30,TH,2026-05-10T16:10:42.838015,2026-03-07,0
Bangkok,กรุงเทพมหานคร,เที่ยว กรุงเทพมหานคร,TH,2026-01-01 2026-04-30,TH,2026-05-10T16:10:42.838015,2026-03-08,0
Bangkok,กรุงเทพมหานคร,เที่ยว กรุงเทพมหานคร,TH,2026-01-01 2026-04-30,TH,2026-05-10T16:10:42.838015,2026-03-09,0
Bangkok,กรุงเทพมหานคร,เที่ยว กรุงเทพมหานคร,TH,2026-01-01 2026-04-30,TH,2026-05-10T16:10:42.838015,2026-03-10,0
Bangkok,กรุงเทพมหานคร,เที่ยว กรุงเทพมหานคร,TH,2026-01-01 2026-04-30,TH,2026-05-10T16:10:42.838015,2026-03-11,0
Bangkok,กรุงเทพมหานคร,เที่ยว กรุงเทพมหานคร,TH,2026-01-01 2026-04-30,TH,2026-05-10T16:10:42.838015,2026-03-12,0
Bangkok,กรุงเทพมหานคร,เที่ยว กรุงเทพมหานคร,TH,2026-01-01 2026-04-30,TH,2026-05-10T16:10:42.838015,2026-03-13,0
Bangkok,กรุงเทพมหานคร,เที่ยว กรุงเทพมหานคร,TH,2026-01-01 2026-04-30,TH,2026-05-10T16:10:42.838015,2026-03-14,0
Bangkok,กรุงเทพมหานคร,เที่ยว กรุงเทพมหานคร,TH,2026-01-01 2026-04-30,TH,2026-05-10T16:10:42.838015,2026-03-15,0
Bangkok,กรุงเทพมหานคร,เที่ยว กรุงเทพมหานคร,TH,2026-01-01 2026-04-30,TH,2026-05-10T16:10:42.838015,2026-03-16,0
Bangkok,กรุงเทพมหานคร,เที่ยว กรุงเทพมหานคร,TH,2026-01-01 2026-04-30,TH,2026-05-10T16:10:42.838015,2026-03-17,0
Bangkok,กรุงเทพมหานคร,เที่ยว กรุงเทพมหานคร,TH,2026-01-01 2026-04-30,TH,2026-05-10T16:10:42.838015,2026-03-18,0
Bangkok,กรุงเทพมหานคร,เที่ยว กรุงเทพมหานคร,TH,2026-01-01 2026-04-30,TH,2026-05-10T16:10:42.838015,2026-03-19,0
Bangkok,กรุงเทพมหานคร,เที่ยว กรุงเทพมหานคร,TH,2026-01-01 2026-04-30,TH,2026-05-10T16:10:42.838015,2026-03-20,0
Bangkok,กรุงเทพมหานคร,เที่ยว กรุงเทพมหานคร,TH,2026-01-01 2026-04-30,TH,2026-05-10T16:10:42.838015,2026-03-21,0
Bangkok,กรุงเทพมหานคร,เที่ยว กรุงเทพมหานคร,TH,2026-01-01 2026-04-30,TH,2026-05-10T16:10:42.838015,2026-03-22,0
Bangkok,กรุงเทพมหานคร,เที่ยว กรุงเทพมหานคร,TH,2026-01-01 2026-04-30,TH,2026-05-10T16:10:42.838015,2026-03-23,0
Bangkok,กรุงเทพมหานคร,เที่ยว กรุงเทพมหานคร,TH,2026-01-01 2026-04-30,TH,2026-05-10T16:10:42.838015,2026-03-24,0
Bangkok,กรุงเทพมหานคร,เที่ยว กรุงเทพมหานคร,TH,2026-01-01 2026-04-30,TH,2026-05-10T16:10:42.838015,2026-03-25,0
Bangkok,กรุงเทพมหานคร,เที่ยว กรุงเทพมหานคร,TH,2026-01-01 2026-04-30,TH,2026-05-10T16:10:42.838015,2026-03-26,0
Bangkok,กรุงเทพมหานคร,เที่ยว กรุงเทพมหานคร,TH,2026-01-01 2026-04-30,TH,2026-05-10T16:10:42.838015,2026-03-27,100
Bangkok,กรุงเทพมหานคร,เที่ยว กรุงเทพมหานคร,TH,2026-01-01 2026-04-30,TH,2026-05-10T16:10:42.838015,2026-03-28,0
Bangkok,กรุงเทพมหานคร,เที่ยว กรุงเทพมหานคร,TH,2026-01-01 2026-04-30,TH,2026-05-10T16:10:42.838015,2026-03-29,0
Bangkok,กรุงเทพมหานคร,เที่ยว กรุงเทพมหานคร,TH,2026-01-01 2026-04-30,TH,2026-05-10T16:10:42.838015,2026-03-30,0
Bangkok,กรุงเทพมหานคร,เที่ยว กรุงเทพมหานคร,TH,2026-01-01 2026-04-30,TH,2026-05-10T16:10:42.838015,2026-03-31,0
Bangkok,กรุงเทพมหานคร,เที่ยว กรุงเทพมหานคร,TH,2026-01-01 2026-04-30,TH,2026-05-10T16:10:42.838015,2026-04-01,0
Bangkok,กรุงเทพมหานคร,เที่ยว กรุงเทพมหานคร,TH,2026-01-01 2026-04-30,TH,2026-05-10T16:10:42.838015,2026-04-02,0
Bangkok,กรุงเทพมหานคร,เที่ยว กรุงเทพมหานคร,TH,2026-01-01 2026-04-30,TH,2026-05-10T16:10:42.838015,2026-04-03,0
Bangkok,กรุงเทพมหานคร,เที่ยว กรุงเทพมหานคร,TH,2026-01-01 2026-04-30,TH,2026-05-10T16:10:42.838015,2026-04-04,0
Bangkok,กรุงเทพมหานคร,เที่ยว กรุงเทพมหานคร,TH,2026-01-01 2026-04-30,TH,2026-05-10T16:10:42.838015,2026-04-05,0
Bangkok,กรุงเทพมหานคร,เที่ยว กรุงเทพมหานคร,TH,2026-01-01 2026-04-30,TH,2026-05-10T16:10:42.838015,2026-04-06,0
Bangkok,กรุงเทพมหานคร,เที่ยว กรุงเทพมหานคร,TH,2026-01-01 2026-04-30,TH,2026-05-10T16:10:42.838015,2026-04-07,0
Bangkok,กรุงเทพมหานคร,เที่ยว กรุงเทพมหานคร,TH,2026-01-01 2026-04-30,TH,2026-05-10T16:10:42.838015,2026-04-08,0
Bangkok,กรุงเทพมหานคร,เที่ยว กรุงเทพมหานคร,TH,2026-01-01 2026-04-30,TH,2026-05-10T16:10:42.838015,2026-04-09,0
Bangkok,กรุงเทพมหานคร,เที่ยว กรุงเทพมหานคร,TH,2026-01-01 2026-04-30,TH,2026-05-10T16:10:42.838015,2026-04-10,0
Bangkok,กรุงเทพมหานคร,เที่ยว กรุงเทพมหานคร,TH,2026-01-01 2026-04-30,TH,2026-05-10T16:10:42.838015,2026-04-11,0
Bangkok,กรุงเทพมหานคร,เที่ยว กรุงเทพมหานคร,TH,2026-01-01 2026-04-30,TH,2026-05-10T16:10:42.838015,2026-04-12,0
Bangkok,กรุงเทพมหานคร,เที่ยว กรุงเทพมหานคร,TH,2026-01-01 2026-04-30,TH,2026-05-10T16:10:42.838015,2026-04-13,0
Bangkok,กรุงเทพมหานคร,เที่ยว กรุงเทพมหานคร,TH,2026-01-01 2026-04-30,TH,2026-05-10T16:10:42.838015,2026-04-14,0
Bangkok,กรุงเทพมหานคร,เที่ยว กรุงเทพมหานคร,TH,2026-01-01 2026-04-30,TH,2026-05-10T16:10:42.838015,2026-04-15,0
Bangkok,กรุงเทพมหานคร,เที่ยว กรุงเทพมหานคร,TH,2026-01-01 2026-04-30,TH,2026-05-10T16:10:42.838015,2026-04-16,0
Bangkok,กรุงเทพมหานคร,เที่ยว กรุงเทพมหานคร,TH,2026-01-01 2026-04-30,TH,2026-05-10T16:10:42.838015,2026-04-17,0
Bangkok,กรุงเทพมหานคร,เที่ยว กรุงเทพมหานคร,TH,2026-01-01 2026-04-30,TH,2026-05-10T16:10:42.838015,2026-04-18,0
Bangkok,กรุงเทพมหานคร,เที่ยว กรุงเทพมหานคร,TH,2026-01-01 2026-04-30,TH,2026-05-10T16:10:42.838015,2026-04-19,0
Bangkok,กรุงเทพมหานคร,เที่ยว กรุงเทพมหานคร,TH,2026-01-01 2026-04-30,TH,2026-05-10T16:10:42.838015,2026-04-20,0
Bangkok,กรุงเทพมหานคร,เที่ยว กรุงเทพมหานคร,TH,2026-01-01 2026-04-30,TH,2026-05-10T16:10:42.838015,2026-04-21,0
Bangkok,กรุงเทพมหานคร,เที่ยว กรุงเทพมหานคร,TH,2026-01-01 2026-04-30,TH,2026-05-10T16:10:42.838015,2026-04-22,0
Bangkok,กรุงเทพมหานคร,เที่ยว กรุงเทพมหานคร,TH,2026-01-01 2026-04-30,TH,2026-05-10T16:10:42.838015,2026-04-23,0
Bangkok,กรุงเทพมหานคร,เที่ยว กรุงเทพมหานคร,TH,2026-01-01 2026-04-30,TH,2026-05-10T16:10:42.838015,2026-04-24,0
Bangkok,กรุงเทพมหานคร,เที่ยว กรุงเทพมหานคร,TH,2026-01-01 2026-04-30,TH,2026-05-10T16:10:42.838015,2026-04-25,0
Bangkok,กรุงเทพมหานคร,เที่ยว กรุงเทพมหานคร,TH,2026-01-01 2026-04-30,TH,2026-05-10T16:10:42.838015,2026-04-26,21
Bangkok,กรุงเทพมหานคร,เที่ยว กรุงเทพมหานคร,TH,2026-01-01 2026-04-30,TH,2026-05-10T16:10:42.838015,2026-04-27,20
Bangkok,กรุงเทพมหานคร,เที่ยว กรุงเทพมหานคร,TH,2026-01-01 2026-04-30,TH,2026-05-10T16:10:42.838015,2026-04-28,17
Bangkok,กรุงเทพมหานคร,เที่ยว กรุงเทพมหานคร,TH,2026-01-01 2026-04-30,TH,2026-05-10T16:10:42.838015,2026-04-29,18
Bangkok,กรุงเทพมหานคร,เที่ยว กรุงเทพมหานคร,TH,2026-01-01 2026-04-30,TH,2026-05-10T16:10:42.838015,2026-04-30,23
Samut Prakan,สมุทรปราการ,Travel Samut Prakan,EN,2026-01-01 2026-04-30,TH,2026-05-10T16:10:51.579267,2026-01-01,0
Samut Prakan,สมุทรปราการ,Travel Samut Prakan,EN,2026-01-01 2026-04-30,TH,2026-05-10T16:10:51.579267,2026-01-02,0
Samut Prakan,สมุทรปราการ,Travel Samut Prakan,EN,2026-01-01 2026-04-30,TH,2026-05-10T16:10:51.579267,2026-01-03,0
Samut Prakan,สมุทรปราการ,Travel Samut Prakan,EN,2026-01-01 2026-04-30,TH,2026-05-10T16:10:51.579267,2026-01-04,0
Samut Prakan,สมุทรปราการ,Travel Samut Prakan,EN,2026-01-01 2026-04-30,TH,2026-05-10T16:10:51.579267,2026-01-05,0
Samut Prakan,สมุทรปราการ,Travel Samut Prakan,EN,2026-01-01 2026-04-30,TH,2026-05-10T16:10:51.579267,2026-01-06,0
Samut Prakan,สมุทรปราการ,Travel Samut Prakan,EN,2026-01-01 2026-04-30,TH,2026-05-10T16:10:51.579267,2026-01-07,0
Samut Prakan,สมุทรปราการ,Travel Samut Prakan,EN,2026-01-01 2026-04-30,TH,2026-05-10T16:10:51.579267,2026-01-08,0
Samut Prakan,สมุทรปราการ,Travel Samut Prakan,EN,2026-01-01 2026-04-30,TH,2026-05-10T16:10:51.579267,2026-01-09,0
Samut Prakan,สมุทรปราการ,Travel Samut Prakan,EN,2026-01-01 2026-04-30,TH,2026-05-10T16:10:51.579267,2026-01-10,0
Samut Prakan,สมุทรปราการ,Travel Samut Prakan,EN,2026-01-01 2026-04-30,TH,2026-05-10T16:10:51.579267,2026-01-11,0
Samut Prakan,สมุทรปราการ,Travel Samut Prakan,EN,2026-01-01 2026-04-30,TH,2026-05-10T16:10:51.579267,2026-01-12,0
Samut Prakan,สมุทรปราการ,Travel Samut Prakan,EN,2026-01-01 2026-04-30,TH,2026-05-10T16:10:51.579267,2026-01-13,0
Samut Prakan,สมุทรปราการ,Travel Samut Prakan,EN,2026-01-01 2026-04-30,TH,2026-05-10T16:10:51.579267,2026-01-14,0
Samut Prakan,สมุทรปราการ,Travel Samut Prakan,EN,2026-01-01 2026-04-30,TH,2026-05-10T16:10:51.579267,2026-01-15,0
Samut Prakan,สมุทรปราการ,Travel Samut Prakan,EN,2026-01-01 2026-04-30,TH,2026-05-10T16:10:51.579267,2026-01-16,0
Samut Prakan,สมุทรปราการ,Travel Samut Prakan,EN,2026-01-01 2026-04-30,TH,2026-05-10T16:10:51.579267,2026-01-17,0
Samut Prakan,สมุทรปราการ,Travel Samut Prakan,EN,2026-01-01 2026-04-30,TH,2026-05-10T16:10:51.579267,2026-01-18,0
Samut Prakan,สมุทรปราการ,Travel Samut Prakan,EN,2026-01-01 2026-04-30,TH,2026-05-10T16:10:51.579267,2026-01-19,0
Samut Prakan,สมุทรปราการ,Travel Samut Prakan,EN,2026-01-01 2026-04-30,TH,2026-05-10T16:10:51.579267,2026-01-20,0
Samut Prakan,สมุทรปราการ,Travel Samut Prakan,EN,2026-01-01 2026-04-30,TH,2026-05-10T16:10:51.579267,2026-01-21,0
Samut Prakan,สมุทรปราการ,Travel Samut Prakan,EN,2026-01-01 2026-04-30,TH,2026-05-10T16:10:51.579267,2026-01-22,0
Samut Prakan,สมุทรปราการ,Travel Samut Prakan,EN,2026-01-01 2026-04-30,TH,2026-05-10T16:10:51.579267,2026-01-23,0
Samut Prakan,สมุทรปราการ,Travel Samut Prakan,EN,2026-01-01 2026-04-30,TH,2026-05-10T16:10:51.579267,2026-01-24,0
Samut Prakan,สมุทรปราการ,Travel Samut Prakan,EN,2026-01-01 2026-04-30,TH,2026-05-10T16:10:51.579267,2026-01-25,0
Samut Prakan,สมุทรปราการ,Travel Samut Prakan,EN,2026-01-01 2026-04-30,TH,2026-05-10T16:10:51.579267,2026-01-26,0
Samut Prakan,สมุทรปราการ,Travel Samut Prakan,EN,2026-01-01 2026-04-30,TH,2026-05-10T16:10:51.579267,2026-01-27,0
Samut Prakan,สมุทรปราการ,Travel Samut Prakan,EN,2026-01-01 2026-04-30,TH,2026-05-10T16:10:51.579267,2026-01-28,0
Samut Prakan,สมุทรปราการ,Travel Samut Prakan,EN,2026-01-01 2026-04-30,TH,2026-05-10T16:10:51.579267,2026-01-29,0
Samut Prakan,สมุทรปราการ,Travel Samut Prakan,EN,2026-01-01 2026-04-30,TH,2026-05-10T16:10:51.579267,2026-01-30,0
Samut Prakan,สมุทรปราการ,Travel Samut Prakan,EN,2026-01-01 2026-04-30,TH,2026-05-10T16:10:51.579267,2026-01-31,0
Samut Prakan,สมุทรปราการ,Travel Samut Prakan,EN,2026-01-01 2026-04-30,TH,2026-05-10T16:10:51.579267,2026-02-01,0
Samut Prakan,สมุทรปราการ,Travel Samut Prakan,EN,2026-01-01 2026-04-30,TH,2026-05-10T16:10:51.579267,2026-02-02,0
Samut Prakan,สมุทรปราการ,Travel Samut Prakan,EN,2026-01-01 2026-04-30,TH,2026-05-10T16:10:51.579267,2026-02-03,0
Samut Prakan,สมุทรปราการ,Travel Samut Prakan,EN,2026-01-01 2026-04-30,TH,2026-05-10T16:10:51.579267,2026-02-04,0
Samut Prakan,สมุทรปราการ,Travel Samut Prakan,EN,2026-01-01 2026-04-30,TH,2026-05-10T16:10:51.579267,2026-02-05,0
Samut Prakan,สมุทรปราการ,Travel Samut Prakan,EN,2026-01-01 2026-04-30,TH,2026-05-10T16:10:51.579267,2026-02-06,0
Samut Prakan,สมุทรปราการ,Travel Samut Prakan,EN,2026-01-01 2026-04-30,TH,2026-05-10T16:10:51.579267,2026-02-07,0
Samut Prakan,สมุทรปราการ,Travel Samut Prakan,EN,2026-01-01 2026-04-30,TH,2026-05-10T16:10:51.579267,2026-02-08,0
Samut Prakan,สมุทรปราการ,Travel Samut Prakan,EN,2026-01-01 2026-04-30,TH,2026-05-10T16:10:51.579267,2026-02-09,0
Samut Prakan,สมุทรปราการ,Travel Samut Prakan,EN,2026-01-01 2026-04-30,TH,2026-05-10T16:10:51.579267,2026-02-10,0
Samut Prakan,สมุทรปราการ,Travel Samut Prakan,EN,2026-01-01 2026-04-30,TH,2026-05-10T16:10:51.579267,2026-02-11,0
Samut Prakan,สมุทรปราการ,Travel Samut Prakan,EN,2026-01-01 2026-04-30,TH,2026-05-10T16:10:51.579267,2026-02-12,0
Samut Prakan,สมุทรปราการ,Travel Samut Prakan,EN,2026-01-01 2026-04-30,TH,2026-05-10T16:10:51.579267,2026-02-13,0
Samut Prakan,สมุทรปราการ,Travel Samut Prakan,EN,2026-01-01 2026-04-30,TH,2026-05-10T16:10:51.579267,2026-02-14,0
Samut Prakan,สมุทรปราการ,Travel Samut Prakan,EN,2026-01-01 2026-04-30,TH,2026-05-10T16:10:51.579267,2026-02-15,0
Samut Prakan,สมุทรปราการ,Travel Samut Prakan,EN,2026-01-01 2026-04-30,TH,2026-05-10T16:10:51.579267,2026-02-16,0
Samut Prakan,สมุทรปราการ,Travel Samut Prakan,EN,2026-01-01 2026-04-30,TH,2026-05-10T16:10:51.579267,2026-02-17,0
Samut Prakan,สมุทรปราการ,Travel Samut Prakan,EN,2026-01-01 2026-04-30,TH,2026-05-10T16:10:51.579267,2026-02-18,0
Samut Prakan,สมุทรปราการ,Travel Samut Prakan,EN,2026-01-01 2026-04-30,TH,2026-05-10T16:10:51.579267,2026-02-19,0
Samut Prakan,สมุทรปราการ,Travel Samut Prakan,EN,2026-01-01 2026-04-30,TH,2026-05-10T16:10:51.579267,2026-02-20,0
Samut Prakan,สมุทรปราการ,Travel Samut Prakan,EN,2026-01-01 2026-04-30,TH,2026-05-10T16:10:51.579267,2026-02-21,0
Samut Prakan,สมุทรปราการ,Travel Samut Prakan,EN,2026-01-01 2026-04-30,TH,2026-05-10T16:10:51.579267,2026-02-22,0
Samut Prakan,สมุทรปราการ,Travel Samut Prakan,EN,2026-01-01 2026-04-30,TH,2026-05-10T16:10:51.579267,2026-02-23,0
Samut Prakan,สมุทรปราการ,Travel Samut Prakan,EN,2026-01-01 2026-04-30,TH,2026-05-10T16:10:51.579267,2026-02-24,0
Samut Prakan,สมุทรปราการ,Travel Samut Prakan,EN,2026-01-01 2026-04-30,TH,2026-05-10T16:10:51.579267,2026-02-25,0
Samut Prakan,สมุทรปราการ,Travel Samut Prakan,EN,2026-01-01 2026-04-30,TH,2026-05-10T16:10:51.579267,2026-02-26,0
Samut Prakan,สมุทรปราการ,Travel Samut Prakan,EN,2026-01-01 2026-04-30,TH,2026-05-10T16:10:51.579267,2026-02-27,0
Samut Prakan,สมุทรปราการ,Travel Samut Prakan,EN,2026-01-01 2026-04-30,TH,2026-05-10T16:10:51.579267,2026-02-28,0
Samut Prakan,สมุทรปราการ,Travel Samut Prakan,EN,2026-01-01 2026-04-30,TH,2026-05-10T16:10:51.579267,2026-03-01,0
Samut Prakan,สมุทรปราการ,Travel Samut Prakan,EN,2026-01-01 2026-04-30,TH,2026-05-10T16:10:51.579267,2026-03-02,0
Samut Prakan,สมุทรปราการ,Travel Samut Prakan,EN,2026-01-01 2026-04-30,TH,2026-05-10T16:10:51.579267,2026-03-03,0
Samut Prakan,สมุทรปราการ,Travel Samut Prakan,EN,2026-01-01 2026-04-30,TH,2026-05-10T16:10:51.579267,2026-03-04,0
Samut Prakan,สมุทรปราการ,Travel Samut Prakan,EN,2026-01-01 2026-04-30,TH,2026-05-10T16:10:51.579267,2026-03-05,0
Samut Prakan,สมุทรปราการ,Travel Samut Prakan,EN,2026-01-01 2026-04-30,TH,2026-05-10T16:10:51.579267,2026-03-06,0
Samut Prakan,สมุทรปราการ,Travel Samut Prakan,EN,2026-01-01 2026-04-30,TH,2026-05-10T16:10:51.579267,2026-03-07,0
Samut Prakan,สมุทรปราการ,Travel Samut Prakan,EN,2026-01-01 2026-04-30,TH,2026-05-10T16:10:51.579267,2026-03-08,0
Samut Prakan,สมุทรปราการ,Travel Samut Prakan,EN,2026-01-01 2026-04-30,TH,2026-05-10T16:10:51.579267,2026-03-09,0
Samut Prakan,สมุทรปราการ,Travel Samut Prakan,EN,2026-01-01 2026-04-30,TH,2026-05-10T16:10:51.579267,2026-03-10,0
Samut Prakan,สมุทรปราการ,Travel Samut Prakan,EN,2026-01-01 2026-04-30,TH,2026-05-10T16:10:51.579267,2026-03-11,0
Samut Prakan,สมุทรปราการ,Travel Samut Prakan,EN,2026-01-01 2026-04-30,TH,2026-05-10T16:10:51.579267,2026-03-12,0
Samut Prakan,สมุทรปราการ,Travel Samut Prakan,EN,2026-01-01 2026-04-30,TH,2026-05-10T16:10:51.579267,2026-03-13,0
Samut Prakan,สมุทรปราการ,Travel Samut Prakan,EN,2026-01-01 2026-04-30,TH,2026-05-10T16:10:51.579267,2026-03-14,0
Samut Prakan,สมุทรปราการ,Travel Samut Prakan,EN,2026-01-01 2026-04-30,TH,2026-05-10T16:10:51.579267,2026-03-15,0
Samut Prakan,สมุทรปราการ,Travel Samut Prakan,EN,2026-01-01 2026-04-30,TH,2026-05-10T16:10:51.579267,2026-03-16,0
Samut Prakan,สมุทรปราการ,Travel Samut Prakan,EN,2026-01-01 2026-04-30,TH,2026-05-10T16:10:51.579267,2026-03-17,0
Samut Prakan,สมุทรปราการ,Travel Samut Prakan,EN,2026-01-01 2026-04-30,TH,2026-05-10T16:10:51.579267,2026-03-18,100
Samut Prakan,สมุทรปราการ,Travel Samut Prakan,EN,2026-01-01 2026-04-30,TH,2026-05-10T16:10:51.579267,2026-03-19,0
Samut Prakan,สมุทรปราการ,Travel Samut Prakan,EN,2026-01-01 2026-04-30,TH,2026-05-10T16:10:51.579267,2026-03-20,0
Samut Prakan,สมุทรปราการ,Travel Samut Prakan,EN,2026-01-01 2026-04-30,TH,2026-05-10T16:10:51.579267,2026-03-21,0
Samut Prakan,สมุทรปราการ,Travel Samut Prakan,EN,2026-01-01 2026-04-30,TH,2026-05-10T16:10:51.579267,2026-03-22,0
Samut Prakan,สมุทรปราการ,Travel Samut Prakan,EN,2026-01-01 2026-04-30,TH,2026-05-10T16:10:51.579267,2026-03-23,0
Samut Prakan,สมุทรปราการ,Travel Samut Prakan,EN,2026-01-01 2026-04-30,TH,2026-05-10T16:10:51.579267,2026-03-24,0
Samut Prakan,สมุทรปราการ,Travel Samut Prakan,EN,2026-01-01 2026-04-30,TH,2026-05-10T16:10:51.579267,2026-03-25,0
Samut Prakan,สมุทรปราการ,Travel Samut Prakan,EN,2026-01-01 2026-04-30,TH,2026-05-10T16:10:51.579267,2026-03-26,0
Samut Prakan,สมุทรปราการ,Travel Samut Prakan,EN,2026-01-01 2026-04-30,TH,2026-05-10T16:10:51.579267,2026-03-27,0
Samut Prakan,สมุทรปราการ,Travel Samut Prakan,EN,2026-01-01 2026-04-30,TH,2026-05-10T16:10:51.579267,2026-03-28,0
Samut Prakan,สมุทรปราการ,Travel Samut Prakan,EN,2026-01-01 2026-04-30,TH,2026-05-10T16:10:51.579267,2026-03-29,0
Samut Prakan,สมุทรปราการ,Travel Samut Prakan,EN,2026-01-01 2026-04-30,TH,2026-05-10T16:10:51.579267,2026-03-30,0
Samut Prakan,สมุทรปราการ,Travel Samut Prakan,EN,2026-01-01 2026-04-30,TH,2026-05-10T16:10:51.579267,2026-03-31,0
Samut Prakan,สมุทรปราการ,Travel Samut Prakan,EN,2026-01-01 2026-04-30,TH,2026-05-10T16:10:51.579267,2026-04-01,0
Samut Prakan,สมุทรปราการ,Travel Samut Prakan,EN,2026-01-01 2026-04-30,TH,2026-05-10T16:10:51.579267,2026-04-02,0
Samut Prakan,สมุทรปราการ,Travel Samut Prakan,EN,2026-01-01 2026-04-30,TH,2026-05-10T16:10:51.579267,2026-04-03,0
Samut Prakan,สมุทรปราการ,Travel Samut Prakan,EN,2026-01-01 2026-04-30,TH,2026-05-10T16:10:51.579267,2026-04-04,0
Samut Prakan,สมุทรปราการ,Travel Samut Prakan,EN,2026-01-01 2026-04-30,TH,2026-05-10T16:10:51.579267,2026-04-05,0
Samut Prakan,สมุทรปราการ,Travel Samut Prakan,EN,2026-01-01 2026-04-30,TH,2026-05-10T16:10:51.579267,2026-04-06,0
Samut Prakan,สมุทรปราการ,Travel Samut Prakan,EN,2026-01-01 2026-04-30,TH,2026-05-10T16:10:51.579267,2026-04-07,0
Samut Prakan,สมุทรปราการ,Travel Samut Prakan,EN,2026-01-01 2026-04-30,TH,2026-05-10T16:10:51.579267,2026-04-08,0
Samut Prakan,สมุทรปราการ,Travel Samut Prakan,EN,2026-01-01 2026-04-30,TH,2026-05-10T16:10:51.579267,2026-04-09,0
Samut Prakan,สมุทรปราการ,Travel Samut Prakan,EN,2026-01-01 2026-04-30,TH,2026-05-10T16:10:51.579267,2026-04-10,0
Samut Prakan,สมุทรปราการ,Travel Samut Prakan,EN,2026-01-01 2026-04-30,TH,2026-05-10T16:10:51.579267,2026-04-11,0
Samut Prakan,สมุทรปราการ,Travel Samut Prakan,EN,2026-01-01 2026-04-30,TH,2026-05-10T16:10:51.579267,2026-04-12,0
Samut Prakan,สมุทรปราการ,Travel Samut Prakan,EN,2026-01-01 2026-04-30,TH,2026-05-10T16:10:51.579267,2026-04-13,0
Samut Prakan,สมุทรปราการ,Travel Samut Prakan,EN,2026-01-01 2026-04-30,TH,2026-05-10T16:10:51.579267,2026-04-14,0
Samut Prakan,สมุทรปราการ,Travel Samut Prakan,EN,2026-01-01 2026-04-30,TH,2026-05-10T16:10:51.579267,2026-04-15,0
Samut Prakan,สมุทรปราการ,Travel Samut Prakan,EN,2026-01-01 2026-04-30,TH,2026-05-10T16:10:51.579267,2026-04-16,0
Samut Prakan,สมุทรปราการ,Travel Samut Prakan,EN,2026-01-01 2026-04-30,TH,2026-05-10T16:10:51.579267,2026-04-17,0
Samut Prakan,สมุทรปราการ,Travel Samut Prakan,EN,2026-01-01 2026-04-30,TH,2026-05-10T16:10:51.579267,2026-04-18,0
Samut Prakan,สมุทรปราการ,Travel Samut Prakan,EN,2026-01-01 2026-04-30,TH,2026-05-10T16:10:51.579267,2026-04-19,0
Samut Prakan,สมุทรปราการ,Travel Samut Prakan,EN,2026-01-01 2026-04-30,TH,2026-05-10T16:10:51.579267,2026-04-20,0
Samut Prakan,สมุทรปราการ,Travel Samut Prakan,EN,2026-01-01 2026-04-30,TH,2026-05-10T16:10:51.579267,2026-04-21,0
Samut Prakan,สมุทรปราการ,Travel Samut Prakan,EN,2026-01-01 2026-04-30,TH,2026-05-10T16:10:51.579267,2026-04-22,0
Samut Prakan,สมุทรปราการ,Travel Samut Prakan,EN,2026-01-01 2026-04-30,TH,2026-05-10T16:10:51.579267,2026-04-23,0
Samut Prakan,สมุทรปราการ,Travel Samut Prakan,EN,2026-01-01 2026-04-30,TH,2026-05-10T16:10:51.579267,2026-04-24,0
Samut Prakan,สมุทรปราการ,Travel Samut Prakan,EN,2026-01-01 2026-04-30,TH,2026-05-10T16:10:51.579267,2026-04-25,0
Samut Prakan,สมุทรปราการ,Travel Samut Prakan,EN,2026-01-01 2026-04-30,TH,2026-05-10T16:10:51.579267,2026-04-26,0
Samut Prakan,สมุทรปราการ,Travel Samut Prakan,EN,2026-01-01 2026-04-30,TH,2026-05-10T16:10:51.579267,2026-04-27,0
Samut Prakan,สมุทรปราการ,Travel Samut Prakan,EN,2026-01-01 2026-04-30,TH,2026-05-10T16:10:51.579267,2026-04-28,0
Samut Prakan,สมุทรปราการ,Travel Samut Prakan,EN,2026-01-01 2026-04-30,TH,2026-05-10T16:10:51.579267,2026-04-29,0
Samut Prakan,สมุทรปราการ,Travel Samut Prakan,EN,2026-01-01 2026-04-30,TH,2026-05-10T16:10:51.579267,2026-04-30,0
Samut Prakan,สมุทรปราการ,เที่ยว สมุทรปราการ,TH,2026-01-01 2026-04-30,TH,2026-05-10T16:11:57.146579,2026-01-01,86
Samut Prakan,สมุทรปราการ,เที่ยว สมุทรปราการ,TH,2026-01-01 2026-04-30,TH,2026-05-10T16:11:57.146579,2026-01-02,0
Samut Prakan,สมุทรปราการ,เที่ยว สมุทรปราการ,TH,2026-01-01 2026-04-30,TH,2026-05-10T16:11:57.146579,2026-01-03,0
Samut Prakan,สมุทรปราการ,เที่ยว สมุทรปราการ,TH,2026-01-01 2026-04-30,TH,2026-05-10T16:11:57.146579,2026-01-04,0
Samut Prakan,สมุทรปราการ,เที่ยว สมุทรปราการ,TH,2026-01-01 2026-04-30,TH,2026-05-10T16:11:57.146579,2026-01-05,0
Samut Prakan,สมุทรปราการ,เที่ยว สมุทรปราการ,TH,2026-01-01 2026-04-30,TH,2026-05-10T16:11:57.146579,2026-01-06,0
Samut Prakan,สมุทรปราการ,เที่ยว สมุทรปราการ,TH,2026-01-01 2026-04-30,TH,2026-05-10T16:11:57.146579,2026-01-07,0
Samut Prakan,สมุทรปราการ,เที่ยว สมุทรปราการ,TH,2026-01-01 2026-04-30,TH,2026-05-10T16:11:57.146579,2026-01-08,0
Samut Prakan,สมุทรปราการ,เที่ยว สมุทรปราการ,TH,2026-01-01 2026-04-30,TH,2026-05-10T16:11:57.146579,2026-01-09,0
Samut Prakan,สมุทรปราการ,เที่ยว สมุทรปราการ,TH,2026-01-01 2026-04-30,TH,2026-05-10T16:11:57.146579,2026-01-10,0
Samut Prakan,สมุทรปราการ,เที่ยว สมุทรปราการ,TH,2026-01-01 2026-04-30,TH,2026-05-10T16:11:57.146579,2026-01-11,0
Samut Prakan,สมุทรปราการ,เที่ยว สมุทรปราการ,TH,2026-01-01 2026-04-30,TH,2026-05-10T16:11:57.146579,2026-01-12,0
Samut Prakan,สมุทรปราการ,เที่ยว สมุทรปราการ,TH,2026-01-01 2026-04-30,TH,2026-05-10T16:11:57.146579,2026-01-13,0
Samut Prakan,สมุทรปราการ,เที่ยว สมุทรปราการ,TH,2026-01-01 2026-04-30,TH,2026-05-10T16:11:57.146579,2026-01-14,0
Samut Prakan,สมุทรปราการ,เที่ยว สมุทรปราการ,TH,2026-01-01 2026-04-30,TH,2026-05-10T16:11:57.146579,2026-01-15,0
Samut Prakan,สมุทรปราการ,เที่ยว สมุทรปราการ,TH,2026-01-01 2026-04-30,TH,2026-05-10T16:11:57.146579,2026-01-16,78
Samut Prakan,สมุทรปราการ,เที่ยว สมุทรปราการ,TH,2026-01-01 2026-04-30,TH,2026-05-10T16:11:57.146579,2026-01-17,55
Samut Prakan,สมุทรปราการ,เที่ยว สมุทรปราการ,TH,2026-01-01 2026-04-30,TH,2026-05-10T16:11:57.146579,2026-01-18,0
Samut Prakan,สมุทรปราการ,เที่ยว สมุทรปราการ,TH,2026-01-01 2026-04-30,TH,2026-05-10T16:11:57.146579,2026-01-19,0
Samut Prakan,สมุทรปราการ,เที่ยว สมุทรปราการ,TH,2026-01-01 2026-04-30,TH,2026-05-10T16:11:57.146579,2026-01-20,0
Samut Prakan,สมุทรปราการ,เที่ยว สมุทรปราการ,TH,2026-01-01 2026-04-30,TH,2026-05-10T16:11:57.146579,2026-01-21,0
Samut Prakan,สมุทรปราการ,เที่ยว สมุทรปราการ,TH,2026-01-01 2026-04-30,TH,2026-05-10T16:11:57.146579,2026-01-22,0
Samut Prakan,สมุทรปราการ,เที่ยว สมุทรปราการ,TH,2026-01-01 2026-04-30,TH,2026-05-10T16:11:57.146579,2026-01-23,0
Samut Prakan,สมุทรปราการ,เที่ยว สมุทรปราการ,TH,2026-01-01 2026-04-30,TH,2026-05-10T16:11:57.146579,2026-01-24,0
Samut Prakan,สมุทรปราการ,เที่ยว สมุทรปราการ,TH,2026-01-01 2026-04-30,TH,2026-05-10T16:11:57.146579,2026-01-25,0
Samut Prakan,สมุทรปราการ,เที่ยว สมุทรปราการ,TH,2026-01-01 2026-04-30,TH,2026-05-10T16:11:57.146579,2026-01-26,0
Samut Prakan,สมุทรปราการ,เที่ยว สมุทรปราการ,TH,2026-01-01 2026-04-30,TH,2026-05-10T16:11:57.146579,2026-01-27,0
Samut Prakan,สมุทรปราการ,เที่ยว สมุทรปราการ,TH,2026-01-01 2026-04-30,TH,2026-05-10T16:11:57.146579,2026-01-28,0
Samut Prakan,สมุทรปราการ,เที่ยว สมุทรปราการ,TH,2026-01-01 2026-04-30,TH,2026-05-10T16:11:57.146579,2026-01-29,0
Samut Prakan,สมุทรปราการ,เที่ยว สมุทรปราการ,TH,2026-01-01 2026-04-30,TH,2026-05-10T16:11:57.146579,2026-01-30,0
Samut Prakan,สมุทรปราการ,เที่ยว สมุทรปราการ,TH,2026-01-01 2026-04-30,TH,2026-05-10T16:11:57.146579,2026-01-31,0
Samut Prakan,สมุทรปราการ,เที่ยว สมุทรปราการ,TH,2026-01-01 2026-04-30,TH,2026-05-10T16:11:57.146579,2026-02-01,0
Samut Prakan,สมุทรปราการ,เที่ยว สมุทรปราการ,TH,2026-01-01 2026-04-30,TH,2026-05-10T16:11:57.146579,2026-02-02,0
Samut Prakan,สมุทรปราการ,เที่ยว สมุทรปราการ,TH,2026-01-01 2026-04-30,TH,2026-05-10T16:11:57.146579,2026-02-03,0
Samut Prakan,สมุทรปราการ,เที่ยว สมุทรปราการ,TH,2026-01-01 2026-04-30,TH,2026-05-10T16:11:57.146579,2026-02-04,0
Samut Prakan,สมุทรปราการ,เที่ยว สมุทรปราการ,TH,2026-01-01 2026-04-30,TH,2026-05-10T16:11:57.146579,2026-02-05,0
Samut Prakan,สมุทรปราการ,เที่ยว สมุทรปราการ,TH,2026-01-01 2026-04-30,TH,2026-05-10T16:11:57.146579,2026-02-06,0
Samut Prakan,สมุทรปราการ,เที่ยว สมุทรปราการ,TH,2026-01-01 2026-04-30,TH,2026-05-10T16:11:57.146579,2026-02-07,0
Samut Prakan,สมุทรปราการ,เที่ยว สมุทรปราการ,TH,2026-01-01 2026-04-30,TH,2026-05-10T16:11:57.146579,2026-02-08,0
Samut Prakan,สมุทรปราการ,เที่ยว สมุทรปราการ,TH,2026-01-01 2026-04-30,TH,2026-05-10T16:11:57.146579,2026-02-09,0
Samut Prakan,สมุทรปราการ,เที่ยว สมุทรปราการ,TH,2026-01-01 2026-04-30,TH,2026-05-10T16:11:57.146579,2026-02-10,0
Samut Prakan,สมุทรปราการ,เที่ยว สมุทรปราการ,TH,2026-01-01 2026-04-30,TH,2026-05-10T16:11:57.146579,2026-02-11,0
Samut Prakan,สมุทรปราการ,เที่ยว สมุทรปราการ,TH,2026-01-01 2026-04-30,TH,2026-05-10T16:11:57.146579,2026-02-12,0
Samut Prakan,สมุทรปราการ,เที่ยว สมุทรปราการ,TH,2026-01-01 2026-04-30,TH,2026-05-10T16:11:57.146579,2026-02-13,0
Samut Prakan,สมุทรปราการ,เที่ยว สมุทรปราการ,TH,2026-01-01 2026-04-30,TH,2026-05-10T16:11:57.146579,2026-02-14,62
Samut Prakan,สมุทรปราการ,เที่ยว สมุทรปราการ,TH,2026-01-01 2026-04-30,TH,2026-05-10T16:11:57.146579,2026-02-15,0
Samut Prakan,สมุทรปราการ,เที่ยว สมุทรปราการ,TH,2026-01-01 2026-04-30,TH,2026-05-10T16:11:57.146579,2026-02-16,0
Samut Prakan,สมุทรปราการ,เที่ยว สมุทรปราการ,TH,2026-01-01 2026-04-30,TH,2026-05-10T16:11:57.146579,2026-02-17,0
Samut Prakan,สมุทรปราการ,เที่ยว สมุทรปราการ,TH,2026-01-01 2026-04-30,TH,2026-05-10T16:11:57.146579,2026-02-18,0
Samut Prakan,สมุทรปราการ,เที่ยว สมุทรปราการ,TH,2026-01-01 2026-04-30,TH,2026-05-10T16:11:57.146579,2026-02-19,0
Samut Prakan,สมุทรปราการ,เที่ยว สมุทรปราการ,TH,2026-01-01 2026-04-30,TH,2026-05-10T16:11:57.146579,2026-02-20,0
Samut Prakan,สมุทรปราการ,เที่ยว สมุทรปราการ,TH,2026-01-01 2026-04-30,TH,2026-05-10T16:11:57.146579,2026-02-21,0
Samut Prakan,สมุทรปราการ,เที่ยว สมุทรปราการ,TH,2026-01-01 2026-04-30,TH,2026-05-10T16:11:57.146579,2026-02-22,0
Samut Prakan,สมุทรปราการ,เที่ยว สมุทรปราการ,TH,2026-01-01 2026-04-30,TH,2026-05-10T16:11:57.146579,2026-02-23,0
Samut Prakan,สมุทรปราการ,เที่ยว สมุทรปราการ,TH,2026-01-01 2026-04-30,TH,2026-05-10T16:11:57.146579,2026-02-24,0
Samut Prakan,สมุทรปราการ,เที่ยว สมุทรปราการ,TH,2026-01-01 2026-04-30,TH,2026-05-10T16:11:57.146579,2026-02-25,0
Samut Prakan,สมุทรปราการ,เที่ยว สมุทรปราการ,TH,2026-01-01 2026-04-30,TH,2026-05-10T16:11:57.146579,2026-02-26,0
Samut Prakan,สมุทรปราการ,เที่ยว สมุทรปราการ,TH,2026-01-01 2026-04-30,TH,2026-05-10T16:11:57.146579,2026-02-27,0
Samut Prakan,สมุทรปราการ,เที่ยว สมุทรปราการ,TH,2026-01-01 2026-04-30,TH,2026-05-10T16:11:57.146579,2026-02-28,0
Samut Prakan,สมุทรปราการ,เที่ยว สมุทรปราการ,TH,2026-01-01 2026-04-30,TH,2026-05-10T16:11:57.146579,2026-03-01,0
Samut Prakan,สมุทรปราการ,เที่ยว สมุทรปราการ,TH,2026-01-01 2026-04-30,TH,2026-05-10T16:11:57.146579,2026-03-02,0
Samut Prakan,สมุทรปราการ,เที่ยว สมุทรปราการ,TH,2026-01-01 2026-04-30,TH,2026-05-10T16:11:57.146579,2026-03-03,0
Samut Prakan,สมุทรปราการ,เที่ยว สมุทรปราการ,TH,2026-01-01 2026-04-30,TH,2026-05-10T16:11:57.146579,2026-03-04,0
Samut Prakan,สมุทรปราการ,เที่ยว สมุทรปราการ,TH,2026-01-01 2026-04-30,TH,2026-05-10T16:11:57.146579,2026-03-05,0
Samut Prakan,สมุทรปราการ,เที่ยว สมุทรปราการ,TH,2026-01-01 2026-04-30,TH,2026-05-10T16:11:57.146579,2026-03-06,0
Samut Prakan,สมุทรปราการ,เที่ยว สมุทรปราการ,TH,2026-01-01 2026-04-30,TH,2026-05-10T16:11:57.146579,2026-03-07,0
Samut Prakan,สมุทรปราการ,เที่ยว สมุทรปราการ,TH,2026-01-01 2026-04-30,TH,2026-05-10T16:11:57.146579,2026-03-08,0
Samut Prakan,สมุทรปราการ,เที่ยว สมุทรปราการ,TH,2026-01-01 2026-04-30,TH,2026-05-10T16:11:57.146579,2026-03-09,0
Samut Prakan,สมุทรปราการ,เที่ยว สมุทรปราการ,TH,2026-01-01 2026-04-30,TH,2026-05-10T16:11:57.146579,2026-03-10,0
Samut Prakan,สมุทรปราการ,เที่ยว สมุทรปราการ,TH,2026-01-01 2026-04-30,TH,2026-05-10T16:11:57.146579,2026-03-11,0
Samut Prakan,สมุทรปราการ,เที่ยว สมุทรปราการ,TH,2026-01-01 2026-04-30,TH,2026-05-10T16:11:57.146579,2026-03-12,0
Samut Prakan,สมุทรปราการ,เที่ยว สมุทรปราการ,TH,2026-01-01 2026-04-30,TH,2026-05-10T16:11:57.146579,2026-03-13,0
Samut Prakan,สมุทรปราการ,เที่ยว สมุทรปราการ,TH,2026-01-01 2026-04-30,TH,2026-05-10T16:11:57.146579,2026-03-14,0
Samut Prakan,สมุทรปราการ,เที่ยว สมุทรปราการ,TH,2026-01-01 2026-04-30,TH,2026-05-10T16:11:57.146579,2026-03-15,0
Samut Prakan,สมุทรปราการ,เที่ยว สมุทรปราการ,TH,2026-01-01 2026-04-30,TH,2026-05-10T16:11:57.146579,2026-03-16,0
Samut Prakan,สมุทรปราการ,เที่ยว สมุทรปราการ,TH,2026-01-01 2026-04-30,TH,2026-05-10T16:11:57.146579,2026-03-17,0
Samut Prakan,สมุทรปราการ,เที่ยว สมุทรปราการ,TH,2026-01-01 2026-04-30,TH,2026-05-10T16:11:57.146579,2026-03-18,0
Samut Prakan,สมุทรปราการ,เที่ยว สมุทรปราการ,TH,2026-01-01 2026-04-30,TH,2026-05-10T16:11:57.146579,2026-03-19,0
Samut Prakan,สมุทรปราการ,เที่ยว สมุทรปราการ,TH,2026-01-01 2026-04-30,TH,2026-05-10T16:11:57.146579,2026-03-20,0
Samut Prakan,สมุทรปราการ,เที่ยว สมุทรปราการ,TH,2026-01-01 2026-04-30,TH,2026-05-10T16:11:57.146579,2026-03-21,0
Samut Prakan,สมุทรปราการ,เที่ยว สมุทรปราการ,TH,2026-01-01 2026-04-30,TH,2026-05-10T16:11:57.146579,2026-03-22,0
Samut Prakan,สมุทรปราการ,เที่ยว สมุทรปราการ,TH,2026-01-01 2026-04-30,TH,2026-05-10T16:11:57.146579,2026-03-23,0
Samut Prakan,สมุทรปราการ,เที่ยว สมุทรปราการ,TH,2026-01-01 2026-04-30,TH,2026-05-10T16:11:57.146579,2026-03-24,0
Samut Prakan,สมุทรปราการ,เที่ยว สมุทรปราการ,TH,2026-01-01 2026-04-30,TH,2026-05-10T16:11:57.146579,2026-03-25,0
Samut Prakan,สมุทรปราการ,เที่ยว สมุทรปราการ,TH,2026-01-01 2026-04-30,TH,2026-05-10T16:11:57.146579,2026-03-26,0
Samut Prakan,สมุทรปราการ,เที่ยว สมุทรปราการ,TH,2026-01-01 2026-04-30,TH,2026-05-10T16:11:57.146579,2026-03-27,0
Samut Prakan,สมุทรปราการ,เที่ยว สมุทรปราการ,TH,2026-01-01 2026-04-30,TH,2026-05-10T16:11:57.146579,2026-03-28,0
Samut Prakan,สมุทรปราการ,เที่ยว สมุทรปราการ,TH,2026-01-01 2026-04-30,TH,2026-05-10T16:11:57.146579,2026-03-29,0
Samut Prakan,สมุทรปราการ,เที่ยว สมุทรปราการ,TH,2026-01-01 2026-04-30,TH,2026-05-10T16:11:57.146579,2026-03-30,0
Samut Prakan,สมุทรปราการ,เที่ยว สมุทรปราการ,TH,2026-01-01 2026-04-30,TH,2026-05-10T16:11:57.146579,2026-03-31,59
Samut Prakan,สมุทรปราการ,เที่ยว สมุทรปราการ,TH,2026-01-01 2026-04-30,TH,2026-05-10T16:11:57.146579,2026-04-01,0
Samut Prakan,สมุทรปราการ,เที่ยว สมุทรปราการ,TH,2026-01-01 2026-04-30,TH,2026-05-10T16:11:57.146579,2026-04-02,0
Samut Prakan,สมุทรปราการ,เที่ยว สมุทรปราการ,TH,2026-01-01 2026-04-30,TH,2026-05-10T16:11:57.146579,2026-04-03,0
Samut Prakan,สมุทรปราการ,เที่ยว สมุทรปราการ,TH,2026-01-01 2026-04-30,TH,2026-05-10T16:11:57.146579,2026-04-04,0
Samut Prakan,สมุทรปราการ,เที่ยว สมุทรปราการ,TH,2026-01-01 2026-04-30,TH,2026-05-10T16:11:57.146579,2026-04-05,0
Samut Prakan,สมุทรปราการ,เที่ยว สมุทรปราการ,TH,2026-01-01 2026-04-30,TH,2026-05-10T16:11:57.146579,2026-04-06,0
Samut Prakan,สมุทรปราการ,เที่ยว สมุทรปราการ,TH,2026-01-01 2026-04-30,TH,2026-05-10T16:11:57.146579,2026-04-07,0
Samut Prakan,สมุทรปราการ,เที่ยว สมุทรปราการ,TH,2026-01-01 2026-04-30,TH,2026-05-10T16:11:57.146579,2026-04-08,0
Samut Prakan,สมุทรปราการ,เที่ยว สมุทรปราการ,TH,2026-01-01 2026-04-30,TH,2026-05-10T16:11:57.146579,2026-04-09,0
Samut Prakan,สมุทรปราการ,เที่ยว สมุทรปราการ,TH,2026-01-01 2026-04-30,TH,2026-05-10T16:11:57.146579,2026-04-10,0
Samut Prakan,สมุทรปราการ,เที่ยว สมุทรปราการ,TH,2026-01-01 2026-04-30,TH,2026-05-10T16:11:57.146579,2026-04-11,0
Samut Prakan,สมุทรปราการ,เที่ยว สมุทรปราการ,TH,2026-01-01 2026-04-30,TH,2026-05-10T16:11:57.146579,2026-04-12,100
Samut Prakan,สมุทรปราการ,เที่ยว สมุทรปราการ,TH,2026-01-01 2026-04-30,TH,2026-05-10T16:11:57.146579,2026-04-13,0
Samut Prakan,สมุทรปราการ,เที่ยว สมุทรปราการ,TH,2026-01-01 2026-04-30,TH,2026-05-10T16:11:57.146579,2026-04-14,0
Samut Prakan,สมุทรปราการ,เที่ยว สมุทรปราการ,TH,2026-01-01 2026-04-30,TH,2026-05-10T16:11:57.146579,2026-04-15,0
Samut Prakan,สมุทรปราการ,เที่ยว สมุทรปราการ,TH,2026-01-01 2026-04-30,TH,2026-05-10T16:11:57.146579,2026-04-16,0
Samut Prakan,สมุทรปราการ,เที่ยว สมุทรปราการ,TH,2026-01-01 2026-04-30,TH,2026-05-10T16:11:57.146579,2026-04-17,0
Samut Prakan,สมุทรปราการ,เที่ยว สมุทรปราการ,TH,2026-01-01 2026-04-30,TH,2026-05-10T16:11:57.146579,2026-04-18,0
Samut Prakan,สมุทรปราการ,เที่ยว สมุทรปราการ,TH,2026-01-01 2026-04-30,TH,2026-05-10T16:11:57.146579,2026-04-19,0
Samut Prakan,สมุทรปราการ,เที่ยว สมุทรปราการ,TH,2026-01-01 2026-04-30,TH,2026-05-10T16:11:57.146579,2026-04-20,0
Samut Prakan,สมุทรปราการ,เที่ยว สมุทรปราการ,TH,2026-01-01 2026-04-30,TH,2026-05-10T16:11:57.146579,2026-04-21,0
Samut Prakan,สมุทรปราการ,เที่ยว สมุทรปราการ,TH,2026-01-01 2026-04-30,TH,2026-05-10T16:11:57.146579,2026-04-22,0
Samut Prakan,สมุทรปราการ,เที่ยว สมุทรปราการ,TH,2026-01-01 2026-04-30,TH,2026-05-10T16:11:57.146579,2026-04-23,0
Samut Prakan,สมุทรปราการ,เที่ยว สมุทรปราการ,TH,2026-01-01 2026-04-30,TH,2026-05-10T16:11:57.146579,2026-04-24,62
Samut Prakan,สมุทรปราการ,เที่ยว สมุทรปราการ,TH,2026-01-01 2026-04-30,TH,2026-05-10T16:11:57.146579,2026-04-25,0
Samut Prakan,สมุทรปราการ,เที่ยว สมุทรปราการ,TH,2026-01-01 2026-04-30,TH,2026-05-10T16:11:57.146579,2026-04-26,21
Samut Prakan,สมุทรปราการ,เที่ยว สมุทรปราการ,TH,2026-01-01 2026-04-30,TH,2026-05-10T16:11:57.146579,2026-04-27,20
Samut Prakan,สมุทรปราการ,เที่ยว สมุทรปราการ,TH,2026-01-01 2026-04-30,TH,2026-05-10T16:11:57.146579,2026-04-28,20
Samut Prakan,สมุทรปราการ,เที่ยว สมุทรปราการ,TH,2026-01-01 2026-04-30,TH,2026-05-10T16:11:57.146579,2026-04-29,24
Samut Prakan,สมุทรปราการ,เที่ยว สมุทรปราการ,TH,2026-01-01 2026-04-30,TH,2026-05-10T16:11:57.146579,2026-04-30,27
Nonthaburi,นนทบุรี,เที่ยว นนทบุรี,TH,2026-01-01 2026-04-30,TH,2026-05-10T16:17:08.214008,2026-01-01,0
Nonthaburi,นนทบุรี,เที่ยว นนทบุรี,TH,2026-01-01 2026-04-30,TH,2026-05-10T16:17:08.214008,2026-01-02,0
Nonthaburi,นนทบุรี,เที่ยว นนทบุรี,TH,2026-01-01 2026-04-30,TH,2026-05-10T16:17:08.214008,2026-01-03,0
Nonthaburi,นนทบุรี,เที่ยว นนทบุรี,TH,2026-01-01 2026-04-30,TH,2026-05-10T16:17:08.214008,2026-01-04,0
Nonthaburi,นนทบุรี,เที่ยว นนทบุรี,TH,2026-01-01 2026-04-30,TH,2026-05-10T16:17:08.214008,2026-01-05,0
Nonthaburi,นนทบุรี,เที่ยว นนทบุรี,TH,2026-01-01 2026-04-30,TH,2026-05-10T16:17:08.214008,2026-01-06,0
Nonthaburi,นนทบุรี,เที่ยว นนทบุรี,TH,2026-01-01 2026-04-30,TH,2026-05-10T16:17:08.214008,2026-01-07,0
Nonthaburi,นนทบุรี,เที่ยว นนทบุรี,TH,2026-01-01 2026-04-30,TH,2026-05-10T16:17:08.214008,2026-01-08,0
Nonthaburi,นนทบุรี,เที่ยว นนทบุรี,TH,2026-01-01 2026-04-30,TH,2026-05-10T16:17:08.214008,2026-01-09,0
Nonthaburi,นนทบุรี,เที่ยว นนทบุรี,TH,2026-01-01 2026-04-30,TH,2026-05-10T16:17:08.214008,2026-01-10,0
Nonthaburi,นนทบุรี,เที่ยว นนทบุรี,TH,2026-01-01 2026-04-30,TH,2026-05-10T16:17:08.214008,2026-01-11,0
Nonthaburi,นนทบุรี,เที่ยว นนทบุรี,TH,2026-01-01 2026-04-30,TH,2026-05-10T16:17:08.214008,2026-01-12,0
Nonthaburi,นนทบุรี,เที่ยว นนทบุรี,TH,2026-01-01 2026-04-30,TH,2026-05-10T16:17:08.214008,2026-01-13,0
Nonthaburi,นนทบุรี,เที่ยว นนทบุรี,TH,2026-01-01 2026-04-30,TH,2026-05-10T16:17:08.214008,2026-01-14,0
Nonthaburi,นนทบุรี,เที่ยว นนทบุรี,TH,2026-01-01 2026-04-30,TH,2026-05-10T16:17:08.214008,2026-01-15,0
Nonthaburi,นนทบุรี,เที่ยว นนทบุรี,TH,2026-01-01 2026-04-30,TH,2026-05-10T16:17:08.214008,2026-01-16,0
Nonthaburi,นนทบุรี,เที่ยว นนทบุรี,TH,2026-01-01 2026-04-30,TH,2026-05-10T16:17:08.214008,2026-01-17,0
Nonthaburi,นนทบุรี,เที่ยว นนทบุรี,TH,2026-01-01 2026-04-30,TH,2026-05-10T16:17:08.214008,2026-01-18,0
Nonthaburi,นนทบุรี,เที่ยว นนทบุรี,TH,2026-01-01 2026-04-30,TH,2026-05-10T16:17:08.214008,2026-01-19,0
Nonthaburi,นนทบุรี,เที่ยว นนทบุรี,TH,2026-01-01 2026-04-30,TH,2026-05-10T16:17:08.214008,2026-01-20,0
Nonthaburi,นนทบุรี,เที่ยว นนทบุรี,TH,2026-01-01 2026-04-30,TH,2026-05-10T16:17:08.214008,2026-01-21,0
Nonthaburi,นนทบุรี,เที่ยว นนทบุรี,TH,2026-01-01 2026-04-30,TH,2026-05-10T16:17:08.214008,2026-01-22,0
Nonthaburi,นนทบุรี,เที่ยว นนทบุรี,TH,2026-01-01 2026-04-30,TH,2026-05-10T16:17:08.214008,2026-01-23,0
Nonthaburi,นนทบุรี,เที่ยว นนทบุรี,TH,2026-01-01 2026-04-30,TH,2026-05-10T16:17:08.214008,2026-01-24,100
Nonthaburi,นนทบุรี,เที่ยว นนทบุรี,TH,2026-01-01 2026-04-30,TH,2026-05-10T16:17:08.214008,2026-01-25,0
Nonthaburi,นนทบุรี,เที่ยว นนทบุรี,TH,2026-01-01 2026-04-30,TH,2026-05-10T16:17:08.214008,2026-01-26,0
Nonthaburi,นนทบุรี,เที่ยว นนทบุรี,TH,2026-01-01 2026-04-30,TH,2026-05-10T16:17:08.214008,2026-01-27,0
Nonthaburi,นนทบุรี,เที่ยว นนทบุรี,TH,2026-01-01 2026-04-30,TH,2026-05-10T16:17:08.214008,2026-01-28,0
Nonthaburi,นนทบุรี,เที่ยว นนทบุรี,TH,2026-01-01 2026-04-30,TH,2026-05-10T16:17:08.214008,2026-01-29,0
Nonthaburi,นนทบุรี,เที่ยว นนทบุรี,TH,2026-01-01 2026-04-30,TH,2026-05-10T16:17:08.214008,2026-01-30,0
Nonthaburi,นนทบุรี,เที่ยว นนทบุรี,TH,2026-01-01 2026-04-30,TH,2026-05-10T16:17:08.214008,2026-01-31,0
Nonthaburi,นนทบุรี,เที่ยว นนทบุรี,TH,2026-01-01 2026-04-30,TH,2026-05-10T16:17:08.214008,2026-02-01,0
Nonthaburi,นนทบุรี,เที่ยว นนทบุรี,TH,2026-01-01 2026-04-30,TH,2026-05-10T16:17:08.214008,2026-02-02,0
Nonthaburi,นนทบุรี,เที่ยว นนทบุรี,TH,2026-01-01 2026-04-30,TH,2026-05-10T16:17:08.214008,2026-02-03,0
Nonthaburi,นนทบุรี,เที่ยว นนทบุรี,TH,2026-01-01 2026-04-30,TH,2026-05-10T16:17:08.214008,2026-02-04,0
Nonthaburi,นนทบุรี,เที่ยว นนทบุรี,TH,2026-01-01 2026-04-30,TH,2026-05-10T16:17:08.214008,2026-02-05,0
Nonthaburi,นนทบุรี,เที่ยว นนทบุรี,TH,2026-01-01 2026-04-30,TH,2026-05-10T16:17:08.214008,2026-02-06,0
Nonthaburi,นนทบุรี,เที่ยว นนทบุรี,TH,2026-01-01 2026-04-30,TH,2026-05-10T16:17:08.214008,2026-02-07,0
Nonthaburi,นนทบุรี,เที่ยว นนทบุรี,TH,2026-01-01 2026-04-30,TH,2026-05-10T16:17:08.214008,2026-02-08,0
Nonthaburi,นนทบุรี,เที่ยว นนทบุรี,TH,2026-01-01 2026-04-30,TH,2026-05-10T16:17:08.214008,2026-02-09,0
Nonthaburi,นนทบุรี,เที่ยว นนทบุรี,TH,2026-01-01 2026-04-30,TH,2026-05-10T16:17:08.214008,2026-02-10,0
Nonthaburi,นนทบุรี,เที่ยว นนทบุรี,TH,2026-01-01 2026-04-30,TH,2026-05-10T16:17:08.214008,2026-02-11,0
Nonthaburi,นนทบุรี,เที่ยว นนทบุรี,TH,2026-01-01 2026-04-30,TH,2026-05-10T16:17:08.214008,2026-02-12,0
Nonthaburi,นนทบุรี,เที่ยว นนทบุรี,TH,2026-01-01 2026-04-30,TH,2026-05-10T16:17:08.214008,2026-02-13,0
Nonthaburi,นนทบุรี,เที่ยว นนทบุรี,TH,2026-01-01 2026-04-30,TH,2026-05-10T16:17:08.214008,2026-02-14,0
Nonthaburi,นนทบุรี,เที่ยว นนทบุรี,TH,2026-01-01 2026-04-30,TH,2026-05-10T16:17:08.214008,2026-02-15,0
Nonthaburi,นนทบุรี,เที่ยว นนทบุรี,TH,2026-01-01 2026-04-30,TH,2026-05-10T16:17:08.214008,2026-02-16,0
Nonthaburi,นนทบุรี,เที่ยว นนทบุรี,TH,2026-01-01 2026-04-30,TH,2026-05-10T16:17:08.214008,2026-02-17,0
Nonthaburi,นนทบุรี,เที่ยว นนทบุรี,TH,2026-01-01 2026-04-30,TH,2026-05-10T16:17:08.214008,2026-02-18,0
Nonthaburi,นนทบุรี,เที่ยว นนทบุรี,TH,2026-01-01 2026-04-30,TH,2026-05-10T16:17:08.214008,2026-02-19,0
Nonthaburi,นนทบุรี,เที่ยว นนทบุรี,TH,2026-01-01 2026-04-30,TH,2026-05-10T16:17:08.214008,2026-02-20,0
Nonthaburi,นนทบุรี,เที่ยว นนทบุรี,TH,2026-01-01 2026-04-30,TH,2026-05-10T16:17:08.214008,2026-02-21,0
Nonthaburi,นนทบุรี,เที่ยว นนทบุรี,TH,2026-01-01 2026-04-30,TH,2026-05-10T16:17:08.214008,2026-02-22,0
Nonthaburi,นนทบุรี,เที่ยว นนทบุรี,TH,2026-01-01 2026-04-30,TH,2026-05-10T16:17:08.214008,2026-02-23,0
Nonthaburi,นนทบุรี,เที่ยว นนทบุรี,TH,2026-01-01 2026-04-30,TH,2026-05-10T16:17:08.214008,2026-02-24,0
Nonthaburi,นนทบุรี,เที่ยว นนทบุรี,TH,2026-01-01 2026-04-30,TH,2026-05-10T16:17:08.214008,2026-02-25,0
Nonthaburi,นนทบุรี,เที่ยว นนทบุรี,TH,2026-01-01 2026-04-30,TH,2026-05-10T16:17:08.214008,2026-02-26,0
Nonthaburi,นนทบุรี,เที่ยว นนทบุรี,TH,2026-01-01 2026-04-30,TH,2026-05-10T16:17:08.214008,2026-02-27,0
Nonthaburi,นนทบุรี,เที่ยว นนทบุรี,TH,2026-01-01 2026-04-30,TH,2026-05-10T16:17:08.214008,2026-02-28,95
Nonthaburi,นนทบุรี,เที่ยว นนทบุรี,TH,2026-01-01 2026-04-30,TH,2026-05-10T16:17:08.214008,2026-03-01,0
Nonthaburi,นนทบุรี,เที่ยว นนทบุรี,TH,2026-01-01 2026-04-30,TH,2026-05-10T16:17:08.214008,2026-03-02,0
Nonthaburi,นนทบุรี,เที่ยว นนทบุรี,TH,2026-01-01 2026-04-30,TH,2026-05-10T16:17:08.214008,2026-03-03,0
Nonthaburi,นนทบุรี,เที่ยว นนทบุรี,TH,2026-01-01 2026-04-30,TH,2026-05-10T16:17:08.214008,2026-03-04,0
Nonthaburi,นนทบุรี,เที่ยว นนทบุรี,TH,2026-01-01 2026-04-30,TH,2026-05-10T16:17:08.214008,2026-03-05,0
Nonthaburi,นนทบุรี,เที่ยว นนทบุรี,TH,2026-01-01 2026-04-30,TH,2026-05-10T16:17:08.214008,2026-03-06,0
Nonthaburi,นนทบุรี,เที่ยว นนทบุรี,TH,2026-01-01 2026-04-30,TH,2026-05-10T16:17:08.214008,2026-03-07,0
Nonthaburi,นนทบุรี,เที่ยว นนทบุรี,TH,2026-01-01 2026-04-30,TH,2026-05-10T16:17:08.214008,2026-03-08,0
Nonthaburi,นนทบุรี,เที่ยว นนทบุรี,TH,2026-01-01 2026-04-30,TH,2026-05-10T16:17:08.214008,2026-03-09,0
Nonthaburi,นนทบุรี,เที่ยว นนทบุรี,TH,2026-01-01 2026-04-30,TH,2026-05-10T16:17:08.214008,2026-03-10,0
Nonthaburi,นนทบุรี,เที่ยว นนทบุรี,TH,2026-01-01 2026-04-30,TH,2026-05-10T16:17:08.214008,2026-03-11,0
Nonthaburi,นนทบุรี,เที่ยว นนทบุรี,TH,2026-01-01 2026-04-30,TH,2026-05-10T16:17:08.214008,2026-03-12,95
Nonthaburi,นนทบุรี,เที่ยว นนทบุรี,TH,2026-01-01 2026-04-30,TH,2026-05-10T16:17:08.214008,2026-03-13,0
Nonthaburi,นนทบุรี,เที่ยว นนทบุรี,TH,2026-01-01 2026-04-30,TH,2026-05-10T16:17:08.214008,2026-03-14,0
Nonthaburi,นนทบุรี,เที่ยว นนทบุรี,TH,2026-01-01 2026-04-30,TH,2026-05-10T16:17:08.214008,2026-03-15,0
Nonthaburi,นนทบุรี,เที่ยว นนทบุรี,TH,2026-01-01 2026-04-30,TH,2026-05-10T16:17:08.214008,2026-03-16,0
Nonthaburi,นนทบุรี,เที่ยว นนทบุรี,TH,2026-01-01 2026-04-30,TH,2026-05-10T16:17:08.214008,2026-03-17,0
Nonthaburi,นนทบุรี,เที่ยว นนทบุรี,TH,2026-01-01 2026-04-30,TH,2026-05-10T16:17:08.214008,2026-03-18,0
Nonthaburi,นนทบุรี,เที่ยว นนทบุรี,TH,2026-01-01 2026-04-30,TH,2026-05-10T16:17:08.214008,2026-03-19,0
Nonthaburi,นนทบุรี,เที่ยว นนทบุรี,TH,2026-01-01 2026-04-30,TH,2026-05-10T16:17:08.214008,2026-03-20,0
Nonthaburi,นนทบุรี,เที่ยว นนทบุรี,TH,2026-01-01 2026-04-30,TH,2026-05-10T16:17:08.214008,2026-03-21,0
Nonthaburi,นนทบุรี,เที่ยว นนทบุรี,TH,2026-01-01 2026-04-30,TH,2026-05-10T16:17:08.214008,2026-03-22,0
Nonthaburi,นนทบุรี,เที่ยว นนทบุรี,TH,2026-01-01 2026-04-30,TH,2026-05-10T16:17:08.214008,2026-03-23,0
Nonthaburi,นนทบุรี,เที่ยว นนทบุรี,TH,2026-01-01 2026-04-30,TH,2026-05-10T16:17:08.214008,2026-03-24,0
Nonthaburi,นนทบุรี,เที่ยว นนทบุรี,TH,2026-01-01 2026-04-30,TH,2026-05-10T16:17:08.214008,2026-03-25,0
Nonthaburi,นนทบุรี,เที่ยว นนทบุรี,TH,2026-01-01 2026-04-30,TH,2026-05-10T16:17:08.214008,2026-03-26,0
Nonthaburi,นนทบุรี,เที่ยว นนทบุรี,TH,2026-01-01 2026-04-30,TH,2026-05-10T16:17:08.214008,2026-03-27,0
Nonthaburi,นนทบุรี,เที่ยว นนทบุรี,TH,2026-01-01 2026-04-30,TH,2026-05-10T16:17:08.214008,2026-03-28,0
Nonthaburi,นนทบุรี,เที่ยว นนทบุรี,TH,2026-01-01 2026-04-30,TH,2026-05-10T16:17:08.214008,2026-03-29,0
Nonthaburi,นนทบุรี,เที่ยว นนทบุรี,TH,2026-01-01 2026-04-30,TH,2026-05-10T16:17:08.214008,2026-03-30,0
Nonthaburi,นนทบุรี,เที่ยว นนทบุรี,TH,2026-01-01 2026-04-30,TH,2026-05-10T16:17:08.214008,2026-03-31,0
Nonthaburi,นนทบุรี,เที่ยว นนทบุรี,TH,2026-01-01 2026-04-30,TH,2026-05-10T16:17:08.214008,2026-04-01,0
Nonthaburi,นนทบุรี,เที่ยว นนทบุรี,TH,2026-01-01 2026-04-30,TH,2026-05-10T16:17:08.214008,2026-04-02,0
Nonthaburi,นนทบุรี,เที่ยว นนทบุรี,TH,2026-01-01 2026-04-30,TH,2026-05-10T16:17:08.214008,2026-04-03,0
Nonthaburi,นนทบุรี,เที่ยว นนทบุรี,TH,2026-01-01 2026-04-30,TH,2026-05-10T16:17:08.214008,2026-04-04,0
Nonthaburi,นนทบุรี,เที่ยว นนทบุรี,TH,2026-01-01 2026-04-30,TH,2026-05-10T16:17:08.214008,2026-04-05,0
Nonthaburi,นนทบุรี,เที่ยว นนทบุรี,TH,2026-01-01 2026-04-30,TH,2026-05-10T16:17:08.214008,2026-04-06,0
Nonthaburi,นนทบุรี,เที่ยว นนทบุรี,TH,2026-01-01 2026-04-30,TH,2026-05-10T16:17:08.214008,2026-04-07,0
Nonthaburi,นนทบุรี,เที่ยว นนทบุรี,TH,2026-01-01 2026-04-30,TH,2026-05-10T16:17:08.214008,2026-04-08,0
Nonthaburi,นนทบุรี,เที่ยว นนทบุรี,TH,2026-01-01 2026-04-30,TH,2026-05-10T16:17:08.214008,2026-04-09,0
Nonthaburi,นนทบุรี,เที่ยว นนทบุรี,TH,2026-01-01 2026-04-30,TH,2026-05-10T16:17:08.214008,2026-04-10,0
Nonthaburi,นนทบุรี,เที่ยว นนทบุรี,TH,2026-01-01 2026-04-30,TH,2026-05-10T16:17:08.214008,2026-04-11,96
Nonthaburi,นนทบุรี,เที่ยว นนทบุรี,TH,2026-01-01 2026-04-30,TH,2026-05-10T16:17:08.214008,2026-04-12,0
Nonthaburi,นนทบุรี,เที่ยว นนทบุรี,TH,2026-01-01 2026-04-30,TH,2026-05-10T16:17:08.214008,2026-04-13,0
Nonthaburi,นนทบุรี,เที่ยว นนทบุรี,TH,2026-01-01 2026-04-30,TH,2026-05-10T16:17:08.214008,2026-04-14,0
Nonthaburi,นนทบุรี,เที่ยว นนทบุรี,TH,2026-01-01 2026-04-30,TH,2026-05-10T16:17:08.214008,2026-04-15,0
Nonthaburi,นนทบุรี,เที่ยว นนทบุรี,TH,2026-01-01 2026-04-30,TH,2026-05-10T16:17:08.214008,2026-04-16,0
Nonthaburi,นนทบุรี,เที่ยว นนทบุรี,TH,2026-01-01 2026-04-30,TH,2026-05-10T16:17:08.214008,2026-04-17,0
Nonthaburi,นนทบุรี,เที่ยว นนทบุรี,TH,2026-01-01 2026-04-30,TH,2026-05-10T16:17:08.214008,2026-04-18,0
Nonthaburi,นนทบุรี,เที่ยว นนทบุรี,TH,2026-01-01 2026-04-30,TH,2026-05-10T16:17:08.214008,2026-04-19,0
Nonthaburi,นนทบุรี,เที่ยว นนทบุรี,TH,2026-01-01 2026-04-30,TH,2026-05-10T16:17:08.214008,2026-04-20,0
Nonthaburi,นนทบุรี,เที่ยว นนทบุรี,TH,2026-01-01 2026-04-30,TH,2026-05-10T16:17:08.214008,2026-04-21,0
Nonthaburi,นนทบุรี,เที่ยว นนทบุรี,TH,2026-01-01 2026-04-30,TH,2026-05-10T16:17:08.214008,2026-04-22,0
Nonthaburi,นนทบุรี,เที่ยว นนทบุรี,TH,2026-01-01 2026-04-30,TH,2026-05-10T16:17:08.214008,2026-04-23,0
Nonthaburi,นนทบุรี,เที่ยว นนทบุรี,TH,2026-01-01 2026-04-30,TH,2026-05-10T16:17:08.214008,2026-04-24,0
Nonthaburi,นนทบุรี,เที่ยว นนทบุรี,TH,2026-01-01 2026-04-30,TH,2026-05-10T16:17:08.214008,2026-04-25,0
Nonthaburi,นนทบุรี,เที่ยว นนทบุรี,TH,2026-01-01 2026-04-30,TH,2026-05-10T16:17:08.214008,2026-04-26,30
Nonthaburi,นนทบุรี,เที่ยว นนทบุรี,TH,2026-01-01 2026-04-30,TH,2026-05-10T16:17:08.214008,2026-04-27,25
Nonthaburi,นนทบุรี,เที่ยว นนทบุรี,TH,2026-01-01 2026-04-30,TH,2026-05-10T16:17:08.214008,2026-04-28,25
Nonthaburi,นนทบุรี,เที่ยว นนทบุรี,TH,2026-01-01 2026-04-30,TH,2026-05-10T16:17:08.214008,2026-04-29,24
Nonthaburi,นนทบุรี,เที่ยว นนทบุรี,TH,2026-01-01 2026-04-30,TH,2026-05-10T16:17:08.214008,2026-04-30,35
Pathum Thani,ปทุมธานี,เที่ยว ปทุมธานี,TH,2026-01-01 2026-04-30,TH,2026-05-10T16:20:18.887679,2026-01-01,0
Pathum Thani,ปทุมธานี,เที่ยว ปทุมธานี,TH,2026-01-01 2026-04-30,TH,2026-05-10T16:20:18.887679,2026-01-02,0
Pathum Thani,ปทุมธานี,เที่ยว ปทุมธานี,TH,2026-01-01 2026-04-30,TH,2026-05-10T16:20:18.887679,2026-01-03,0
Pathum Thani,ปทุมธานี,เที่ยว ปทุมธานี,TH,2026-01-01 2026-04-30,TH,2026-05-10T16:20:18.887679,2026-01-04,0
Pathum Thani,ปทุมธานี,เที่ยว ปทุมธานี,TH,2026-01-01 2026-04-30,TH,2026-05-10T16:20:18.887679,2026-01-05,0
Pathum Thani,ปทุมธานี,เที่ยว ปทุมธานี,TH,2026-01-01 2026-04-30,TH,2026-05-10T16:20:18.887679,2026-01-06,0
Pathum Thani,ปทุมธานี,เที่ยว ปทุมธานี,TH,2026-01-01 2026-04-30,TH,2026-05-10T16:20:18.887679,2026-01-07,0
Pathum Thani,ปทุมธานี,เที่ยว ปทุมธานี,TH,2026-01-01 2026-04-30,TH,2026-05-10T16:20:18.887679,2026-01-08,0
Pathum Thani,ปทุมธานี,เที่ยว ปทุมธานี,TH,2026-01-01 2026-04-30,TH,2026-05-10T16:20:18.887679,2026-01-09,0
Pathum Thani,ปทุมธานี,เที่ยว ปทุมธานี,TH,2026-01-01 2026-04-30,TH,2026-05-10T16:20:18.887679,2026-01-10,0
Pathum Thani,ปทุมธานี,เที่ยว ปทุมธานี,TH,2026-01-01 2026-04-30,TH,2026-05-10T16:20:18.887679,2026-01-11,0
Pathum Thani,ปทุมธานี,เที่ยว ปทุมธานี,TH,2026-01-01 2026-04-30,TH,2026-05-10T16:20:18.887679,2026-01-12,0
Pathum Thani,ปทุมธานี,เที่ยว ปทุมธานี,TH,2026-01-01 2026-04-30,TH,2026-05-10T16:20:18.887679,2026-01-13,0
Pathum Thani,ปทุมธานี,เที่ยว ปทุมธานี,TH,2026-01-01 2026-04-30,TH,2026-05-10T16:20:18.887679,2026-01-14,0
Pathum Thani,ปทุมธานี,เที่ยว ปทุมธานี,TH,2026-01-01 2026-04-30,TH,2026-05-10T16:20:18.887679,2026-01-15,0
Pathum Thani,ปทุมธานี,เที่ยว ปทุมธานี,TH,2026-01-01 2026-04-30,TH,2026-05-10T16:20:18.887679,2026-01-16,0
Pathum Thani,ปทุมธานี,เที่ยว ปทุมธานี,TH,2026-01-01 2026-04-30,TH,2026-05-10T16:20:18.887679,2026-01-17,0
Pathum Thani,ปทุมธานี,เที่ยว ปทุมธานี,TH,2026-01-01 2026-04-30,TH,2026-05-10T16:20:18.887679,2026-01-18,0
Pathum Thani,ปทุมธานี,เที่ยว ปทุมธานี,TH,2026-01-01 2026-04-30,TH,2026-05-10T16:20:18.887679,2026-01-19,0
Pathum Thani,ปทุมธานี,เที่ยว ปทุมธานี,TH,2026-01-01 2026-04-30,TH,2026-05-10T16:20:18.887679,2026-01-20,0
Pathum Thani,ปทุมธานี,เที่ยว ปทุมธานี,TH,2026-01-01 2026-04-30,TH,2026-05-10T16:20:18.887679,2026-01-21,0
Pathum Thani,ปทุมธานี,เที่ยว ปทุมธานี,TH,2026-01-01 2026-04-30,TH,2026-05-10T16:20:18.887679,2026-01-22,0
Pathum Thani,ปทุมธานี,เที่ยว ปทุมธานี,TH,2026-01-01 2026-04-30,TH,2026-05-10T16:20:18.887679,2026-01-23,0
Pathum Thani,ปทุมธานี,เที่ยว ปทุมธานี,TH,2026-01-01 2026-04-30,TH,2026-05-10T16:20:18.887679,2026-01-24,0
Pathum Thani,ปทุมธานี,เที่ยว ปทุมธานี,TH,2026-01-01 2026-04-30,TH,2026-05-10T16:20:18.887679,2026-01-25,0
Pathum Thani,ปทุมธานี,เที่ยว ปทุมธานี,TH,2026-01-01 2026-04-30,TH,2026-05-10T16:20:18.887679,2026-01-26,0
Pathum Thani,ปทุมธานี,เที่ยว ปทุมธานี,TH,2026-01-01 2026-04-30,TH,2026-05-10T16:20:18.887679,2026-01-27,0
Pathum Thani,ปทุมธานี,เที่ยว ปทุมธานี,TH,2026-01-01 2026-04-30,TH,2026-05-10T16:20:18.887679,2026-01-28,0
Pathum Thani,ปทุมธานี,เที่ยว ปทุมธานี,TH,2026-01-01 2026-04-30,TH,2026-05-10T16:20:18.887679,2026-01-29,0
Pathum Thani,ปทุมธานี,เที่ยว ปทุมธานี,TH,2026-01-01 2026-04-30,TH,2026-05-10T16:20:18.887679,2026-01-30,0
Pathum Thani,ปทุมธานี,เที่ยว ปทุมธานี,TH,2026-01-01 2026-04-30,TH,2026-05-10T16:20:18.887679,2026-01-31,0
Pathum Thani,ปทุมธานี,เที่ยว ปทุมธานี,TH,2026-01-01 2026-04-30,TH,2026-05-10T16:20:18.887679,2026-02-01,0
Pathum Thani,ปทุมธานี,เที่ยว ปทุมธานี,TH,2026-01-01 2026-04-30,TH,2026-05-10T16:20:18.887679,2026-02-02,0
Pathum Thani,ปทุมธานี,เที่ยว ปทุมธานี,TH,2026-01-01 2026-04-30,TH,2026-05-10T16:20:18.887679,2026-02-03,0
Pathum Thani,ปทุมธานี,เที่ยว ปทุมธานี,TH,2026-01-01 2026-04-30,TH,2026-05-10T16:20:18.887679,2026-02-04,0
Pathum Thani,ปทุมธานี,เที่ยว ปทุมธานี,TH,2026-01-01 2026-04-30,TH,2026-05-10T16:20:18.887679,2026-02-05,0
Pathum Thani,ปทุมธานี,เที่ยว ปทุมธานี,TH,2026-01-01 2026-04-30,TH,2026-05-10T16:20:18.887679,2026-02-06,0
Pathum Thani,ปทุมธานี,เที่ยว ปทุมธานี,TH,2026-01-01 2026-04-30,TH,2026-05-10T16:20:18.887679,2026-02-07,0
Pathum Thani,ปทุมธานี,เที่ยว ปทุมธานี,TH,2026-01-01 2026-04-30,TH,2026-05-10T16:20:18.887679,2026-02-08,0
Pathum Thani,ปทุมธานี,เที่ยว ปทุมธานี,TH,2026-01-01 2026-04-30,TH,2026-05-10T16:20:18.887679,2026-02-09,0
Pathum Thani,ปทุมธานี,เที่ยว ปทุมธานี,TH,2026-01-01 2026-04-30,TH,2026-05-10T16:20:18.887679,2026-02-10,0
Pathum Thani,ปทุมธานี,เที่ยว ปทุมธานี,TH,2026-01-01 2026-04-30,TH,2026-05-10T16:20:18.887679,2026-02-11,0
Pathum Thani,ปทุมธานี,เที่ยว ปทุมธานี,TH,2026-01-01 2026-04-30,TH,2026-05-10T16:20:18.887679,2026-02-12,0
Pathum Thani,ปทุมธานี,เที่ยว ปทุมธานี,TH,2026-01-01 2026-04-30,TH,2026-05-10T16:20:18.887679,2026-02-13,0
Pathum Thani,ปทุมธานี,เที่ยว ปทุมธานี,TH,2026-01-01 2026-04-30,TH,2026-05-10T16:20:18.887679,2026-02-14,0
Pathum Thani,ปทุมธานี,เที่ยว ปทุมธานี,TH,2026-01-01 2026-04-30,TH,2026-05-10T16:20:18.887679,2026-02-15,0
Pathum Thani,ปทุมธานี,เที่ยว ปทุมธานี,TH,2026-01-01 2026-04-30,TH,2026-05-10T16:20:18.887679,2026-02-16,0
Pathum Thani,ปทุมธานี,เที่ยว ปทุมธานี,TH,2026-01-01 2026-04-30,TH,2026-05-10T16:20:18.887679,2026-02-17,0
Pathum Thani,ปทุมธานี,เที่ยว ปทุมธานี,TH,2026-01-01 2026-04-30,TH,2026-05-10T16:20:18.887679,2026-02-18,0
Pathum Thani,ปทุมธานี,เที่ยว ปทุมธานี,TH,2026-01-01 2026-04-30,TH,2026-05-10T16:20:18.887679,2026-02-19,0
Pathum Thani,ปทุมธานี,เที่ยว ปทุมธานี,TH,2026-01-01 2026-04-30,TH,2026-05-10T16:20:18.887679,2026-02-20,0
Pathum Thani,ปทุมธานี,เที่ยว ปทุมธานี,TH,2026-01-01 2026-04-30,TH,2026-05-10T16:20:18.887679,2026-02-21,0
Pathum Thani,ปทุมธานี,เที่ยว ปทุมธานี,TH,2026-01-01 2026-04-30,TH,2026-05-10T16:20:18.887679,2026-02-22,0
Pathum Thani,ปทุมธานี,เที่ยว ปทุมธานี,TH,2026-01-01 2026-04-30,TH,2026-05-10T16:20:18.887679,2026-02-23,0
Pathum Thani,ปทุมธานี,เที่ยว ปทุมธานี,TH,2026-01-01 2026-04-30,TH,2026-05-10T16:20:18.887679,2026-02-24,0
Pathum Thani,ปทุมธานี,เที่ยว ปทุมธานี,TH,2026-01-01 2026-04-30,TH,2026-05-10T16:20:18.887679,2026-02-25,0
Pathum Thani,ปทุมธานี,เที่ยว ปทุมธานี,TH,2026-01-01 2026-04-30,TH,2026-05-10T16:20:18.887679,2026-02-26,0
Pathum Thani,ปทุมธานี,เที่ยว ปทุมธานี,TH,2026-01-01 2026-04-30,TH,2026-05-10T16:20:18.887679,2026-02-27,0
Pathum Thani,ปทุมธานี,เที่ยว ปทุมธานี,TH,2026-01-01 2026-04-30,TH,2026-05-10T16:20:18.887679,2026-02-28,0
Pathum Thani,ปทุมธานี,เที่ยว ปทุมธานี,TH,2026-01-01 2026-04-30,TH,2026-05-10T16:20:18.887679,2026-03-01,0
Pathum Thani,ปทุมธานี,เที่ยว ปทุมธานี,TH,2026-01-01 2026-04-30,TH,2026-05-10T16:20:18.887679,2026-03-02,0
Pathum Thani,ปทุมธานี,เที่ยว ปทุมธานี,TH,2026-01-01 2026-04-30,TH,2026-05-10T16:20:18.887679,2026-03-03,0
Pathum Thani,ปทุมธานี,เที่ยว ปทุมธานี,TH,2026-01-01 2026-04-30,TH,2026-05-10T16:20:18.887679,2026-03-04,0
Pathum Thani,ปทุมธานี,เที่ยว ปทุมธานี,TH,2026-01-01 2026-04-30,TH,2026-05-10T16:20:18.887679,2026-03-05,0
Pathum Thani,ปทุมธานี,เที่ยว ปทุมธานี,TH,2026-01-01 2026-04-30,TH,2026-05-10T16:20:18.887679,2026-03-06,0
Pathum Thani,ปทุมธานี,เที่ยว ปทุมธานี,TH,2026-01-01 2026-04-30,TH,2026-05-10T16:20:18.887679,2026-03-07,0
Pathum Thani,ปทุมธานี,เที่ยว ปทุมธานี,TH,2026-01-01 2026-04-30,TH,2026-05-10T16:20:18.887679,2026-03-08,0
Pathum Thani,ปทุมธานี,เที่ยว ปทุมธานี,TH,2026-01-01 2026-04-30,TH,2026-05-10T16:20:18.887679,2026-03-09,0
Pathum Thani,ปทุมธานี,เที่ยว ปทุมธานี,TH,2026-01-01 2026-04-30,TH,2026-05-10T16:20:18.887679,2026-03-10,0
Pathum Thani,ปทุมธานี,เที่ยว ปทุมธานี,TH,2026-01-01 2026-04-30,TH,2026-05-10T16:20:18.887679,2026-03-11,0
Pathum Thani,ปทุมธานี,เที่ยว ปทุมธานี,TH,2026-01-01 2026-04-30,TH,2026-05-10T16:20:18.887679,2026-03-12,0
Pathum Thani,ปทุมธานี,เที่ยว ปทุมธานี,TH,2026-01-01 2026-04-30,TH,2026-05-10T16:20:18.887679,2026-03-13,0
Pathum Thani,ปทุมธานี,เที่ยว ปทุมธานี,TH,2026-01-01 2026-04-30,TH,2026-05-10T16:20:18.887679,2026-03-14,0
Pathum Thani,ปทุมธานี,เที่ยว ปทุมธานี,TH,2026-01-01 2026-04-30,TH,2026-05-10T16:20:18.887679,2026-03-15,0
Pathum Thani,ปทุมธานี,เที่ยว ปทุมธานี,TH,2026-01-01 2026-04-30,TH,2026-05-10T16:20:18.887679,2026-03-16,0
Pathum Thani,ปทุมธานี,เที่ยว ปทุมธานี,TH,2026-01-01 2026-04-30,TH,2026-05-10T16:20:18.887679,2026-03-17,0
Pathum Thani,ปทุมธานี,เที่ยว ปทุมธานี,TH,2026-01-01 2026-04-30,TH,2026-05-10T16:20:18.887679,2026-03-18,0
Pathum Thani,ปทุมธานี,เที่ยว ปทุมธานี,TH,2026-01-01 2026-04-30,TH,2026-05-10T16:20:18.887679,2026-03-19,0
Pathum Thani,ปทุมธานี,เที่ยว ปทุมธานี,TH,2026-01-01 2026-04-30,TH,2026-05-10T16:20:18.887679,2026-03-20,0
Pathum Thani,ปทุมธานี,เที่ยว ปทุมธานี,TH,2026-01-01 2026-04-30,TH,2026-05-10T16:20:18.887679,2026-03-21,0
Pathum Thani,ปทุมธานี,เที่ยว ปทุมธานี,TH,2026-01-01 2026-04-30,TH,2026-05-10T16:20:18.887679,2026-03-22,0
Pathum Thani,ปทุมธานี,เที่ยว ปทุมธานี,TH,2026-01-01 2026-04-30,TH,2026-05-10T16:20:18.887679,2026-03-23,0
Pathum Thani,ปทุมธานี,เที่ยว ปทุมธานี,TH,2026-01-01 2026-04-30,TH,2026-05-10T16:20:18.887679,2026-03-24,0
Pathum Thani,ปทุมธานี,เที่ยว ปทุมธานี,TH,2026-01-01 2026-04-30,TH,2026-05-10T16:20:18.887679,2026-03-25,0
Pathum Thani,ปทุมธานี,เที่ยว ปทุมธานี,TH,2026-01-01 2026-04-30,TH,2026-05-10T16:20:18.887679,2026-03-26,0
Pathum Thani,ปทุมธานี,เที่ยว ปทุมธานี,TH,2026-01-01 2026-04-30,TH,2026-05-10T16:20:18.887679,2026-03-27,0
Pathum Thani,ปทุมธานี,เที่ยว ปทุมธานี,TH,2026-01-01 2026-04-30,TH,2026-05-10T16:20:18.887679,2026-03-28,0
Pathum Thani,ปทุมธานี,เที่ยว ปทุมธานี,TH,2026-01-01 2026-04-30,TH,2026-05-10T16:20:18.887679,2026-03-29,0
Pathum Thani,ปทุมธานี,เที่ยว ปทุมธานี,TH,2026-01-01 2026-04-30,TH,2026-05-10T16:20:18.887679,2026-03-30,0
Pathum Thani,ปทุมธานี,เที่ยว ปทุมธานี,TH,2026-01-01 2026-04-30,TH,2026-05-10T16:20:18.887679,2026-03-31,0
Pathum Thani,ปทุมธานี,เที่ยว ปทุมธานี,TH,2026-01-01 2026-04-30,TH,2026-05-10T16:20:18.887679,2026-04-01,0
Pathum Thani,ปทุมธานี,เที่ยว ปทุมธานี,TH,2026-01-01 2026-04-30,TH,2026-05-10T16:20:18.887679,2026-04-02,0
Pathum Thani,ปทุมธานี,เที่ยว ปทุมธานี,TH,2026-01-01 2026-04-30,TH,2026-05-10T16:20:18.887679,2026-04-03,0
Pathum Thani,ปทุมธานี,เที่ยว ปทุมธานี,TH,2026-01-01 2026-04-30,TH,2026-05-10T16:20:18.887679,2026-04-04,0
Pathum Thani,ปทุมธานี,เที่ยว ปทุมธานี,TH,2026-01-01 2026-04-30,TH,2026-05-10T16:20:18.887679,2026-04-05,0
Pathum Thani,ปทุมธานี,เที่ยว ปทุมธานี,TH,2026-01-01 2026-04-30,TH,2026-05-10T16:20:18.887679,2026-04-06,0
Pathum Thani,ปทุมธานี,เที่ยว ปทุมธานี,TH,2026-01-01 2026-04-30,TH,2026-05-10T16:20:18.887679,2026-04-07,0
Pathum Thani,ปทุมธานี,เที่ยว ปทุมธานี,TH,2026-01-01 2026-04-30,TH,2026-05-10T16:20:18.887679,2026-04-08,0
Pathum Thani,ปทุมธานี,เที่ยว ปทุมธานี,TH,2026-01-01 2026-04-30,TH,2026-05-10T16:20:18.887679,2026-04-09,0
Pathum Thani,ปทุมธานี,เที่ยว ปทุมธานี,TH,2026-01-01 2026-04-30,TH,2026-05-10T16:20:18.887679,2026-04-10,0
Pathum Thani,ปทุมธานี,เที่ยว ปทุมธานี,TH,2026-01-01 2026-04-30,TH,2026-05-10T16:20:18.887679,2026-04-11,0
Pathum Thani,ปทุมธานี,เที่ยว ปทุมธานี,TH,2026-01-01 2026-04-30,TH,2026-05-10T16:20:18.887679,2026-04-12,0
Pathum Thani,ปทุมธานี,เที่ยว ปทุมธานี,TH,2026-01-01 2026-04-30,TH,2026-05-10T16:20:18.887679,2026-04-13,0
Pathum Thani,ปทุมธานี,เที่ยว ปทุมธานี,TH,2026-01-01 2026-04-30,TH,2026-05-10T16:20:18.887679,2026-04-14,0
Pathum Thani,ปทุมธานี,เที่ยว ปทุมธานี,TH,2026-01-01 2026-04-30,TH,2026-05-10T16:20:18.887679,2026-04-15,0
Pathum Thani,ปทุมธานี,เที่ยว ปทุมธานี,TH,2026-01-01 2026-04-30,TH,2026-05-10T16:20:18.887679,2026-04-16,0
Pathum Thani,ปทุมธานี,เที่ยว ปทุมธานี,TH,2026-01-01 2026-04-30,TH,2026-05-10T16:20:18.887679,2026-04-17,0
Pathum Thani,ปทุมธานี,เที่ยว ปทุมธานี,TH,2026-01-01 2026-04-30,TH,2026-05-10T16:20:18.887679,2026-04-18,0
Pathum Thani,ปทุมธานี,เที่ยว ปทุมธานี,TH,2026-01-01 2026-04-30,TH,2026-05-10T16:20:18.887679,2026-04-19,0
Pathum Thani,ปทุมธานี,เที่ยว ปทุมธานี,TH,2026-01-01 2026-04-30,TH,2026-05-10T16:20:18.887679,2026-04-20,0
Pathum Thani,ปทุมธานี,เที่ยว ปทุมธานี,TH,2026-01-01 2026-04-30,TH,2026-05-10T16:20:18.887679,2026-04-21,0
Pathum Thani,ปทุมธานี,เที่ยว ปทุมธานี,TH,2026-01-01 2026-04-30,TH,2026-05-10T16:20:18.887679,2026-04-22,0
Pathum Thani,ปทุมธานี,เที่ยว ปทุมธานี,TH,2026-01-01 2026-04-30,TH,2026-05-10T16:20:18.887679,2026-04-23,0
Pathum Thani,ปทุมธานี,เที่ยว ปทุมธานี,TH,2026-01-01 2026-04-30,TH,2026-05-10T16:20:18.887679,2026-04-24,0
Pathum Thani,ปทุมธานี,เที่ยว ปทุมธานี,TH,2026-01-01 2026-04-30,TH,2026-05-10T16:20:18.887679,2026-04-25,0
Pathum Thani,ปทุมธานี,เที่ยว ปทุมธานี,TH,2026-01-01 2026-04-30,TH,2026-05-10T16:20:18.887679,2026-04-26,100
Pathum Thani,ปทุมธานี,เที่ยว ปทุมธานี,TH,2026-01-01 2026-04-30,TH,2026-05-10T16:20:18.887679,2026-04-27,66
Pathum Thani,ปทุมธานี,เที่ยว ปทุมธานี,TH,2026-01-01 2026-04-30,TH,2026-05-10T16:20:18.887679,2026-04-28,65
Pathum Thani,ปทุมธานี,เที่ยว ปทุมธานี,TH,2026-01-01 2026-04-30,TH,2026-05-10T16:20:18.887679,2026-04-29,80
Pathum Thani,ปทุมธานี,เที่ยว ปทุมธานี,TH,2026-01-01 2026-04-30,TH,2026-05-10T16:20:18.887679,2026-04-30,90
Ang Thong,อ่างทอง,Travel Ang Thong,EN,2026-01-01 2026-04-30,TH,2026-05-10T16:20:28.607300,2026-01-01,0
Ang Thong,อ่างทอง,Travel Ang Thong,EN,2026-01-01 2026-04-30,TH,2026-05-10T16:20:28.607300,2026-01-02,0
Ang Thong,อ่างทอง,Travel Ang Thong,EN,2026-01-01 2026-04-30,TH,2026-05-10T16:20:28.607300,2026-01-03,0
Ang Thong,อ่างทอง,Travel Ang Thong,EN,2026-01-01 2026-04-30,TH,2026-05-10T16:20:28.607300,2026-01-04,0
Ang Thong,อ่างทอง,Travel Ang Thong,EN,2026-01-01 2026-04-30,TH,2026-05-10T16:20:28.607300,2026-01-05,0
Ang Thong,อ่างทอง,Travel Ang Thong,EN,2026-01-01 2026-04-30,TH,2026-05-10T16:20:28.607300,2026-01-06,0
Ang Thong,อ่างทอง,Travel Ang Thong,EN,2026-01-01 2026-04-30,TH,2026-05-10T16:20:28.607300,2026-01-07,0
Ang Thong,อ่างทอง,Travel Ang Thong,EN,2026-01-01 2026-04-30,TH,2026-05-10T16:20:28.607300,2026-01-08,0
Ang Thong,อ่างทอง,Travel Ang Thong,EN,2026-01-01 2026-04-30,TH,2026-05-10T16:20:28.607300,2026-01-09,0
Ang Thong,อ่างทอง,Travel Ang Thong,EN,2026-01-01 2026-04-30,TH,2026-05-10T16:20:28.607300,2026-01-10,0
Ang Thong,อ่างทอง,Travel Ang Thong,EN,2026-01-01 2026-04-30,TH,2026-05-10T16:20:28.607300,2026-01-11,0
Ang Thong,อ่างทอง,Travel Ang Thong,EN,2026-01-01 2026-04-30,TH,2026-05-10T16:20:28.607300,2026-01-12,0
Ang Thong,อ่างทอง,Travel Ang Thong,EN,2026-01-01 2026-04-30,TH,2026-05-10T16:20:28.607300,2026-01-13,0
Ang Thong,อ่างทอง,Travel Ang Thong,EN,2026-01-01 2026-04-30,TH,2026-05-10T16:20:28.607300,2026-01-14,0
Ang Thong,อ่างทอง,Travel Ang Thong,EN,2026-01-01 2026-04-30,TH,2026-05-10T16:20:28.607300,2026-01-15,0
Ang Thong,อ่างทอง,Travel Ang Thong,EN,2026-01-01 2026-04-30,TH,2026-05-10T16:20:28.607300,2026-01-16,0
Ang Thong,อ่างทอง,Travel Ang Thong,EN,2026-01-01 2026-04-30,TH,2026-05-10T16:20:28.607300,2026-01-17,0
Ang Thong,อ่างทอง,Travel Ang Thong,EN,2026-01-01 2026-04-30,TH,2026-05-10T16:20:28.607300,2026-01-18,0
Ang Thong,อ่างทอง,Travel Ang Thong,EN,2026-01-01 2026-04-30,TH,2026-05-10T16:20:28.607300,2026-01-19,0
Ang Thong,อ่างทอง,Travel Ang Thong,EN,2026-01-01 2026-04-30,TH,2026-05-10T16:20:28.607300,2026-01-20,0
Ang Thong,อ่างทอง,Travel Ang Thong,EN,2026-01-01 2026-04-30,TH,2026-05-10T16:20:28.607300,2026-01-21,0
Ang Thong,อ่างทอง,Travel Ang Thong,EN,2026-01-01 2026-04-30,TH,2026-05-10T16:20:28.607300,2026-01-22,0
Ang Thong,อ่างทอง,Travel Ang Thong,EN,2026-01-01 2026-04-30,TH,2026-05-10T16:20:28.607300,2026-01-23,0
Ang Thong,อ่างทอง,Travel Ang Thong,EN,2026-01-01 2026-04-30,TH,2026-05-10T16:20:28.607300,2026-01-24,0
Ang Thong,อ่างทอง,Travel Ang Thong,EN,2026-01-01 2026-04-30,TH,2026-05-10T16:20:28.607300,2026-01-25,0
Ang Thong,อ่างทอง,Travel Ang Thong,EN,2026-01-01 2026-04-30,TH,2026-05-10T16:20:28.607300,2026-01-26,0
Ang Thong,อ่างทอง,Travel Ang Thong,EN,2026-01-01 2026-04-30,TH,2026-05-10T16:20:28.607300,2026-01-27,0
Ang Thong,อ่างทอง,Travel Ang Thong,EN,2026-01-01 2026-04-30,TH,2026-05-10T16:20:28.607300,2026-01-28,0
Ang Thong,อ่างทอง,Travel Ang Thong,EN,2026-01-01 2026-04-30,TH,2026-05-10T16:20:28.607300,2026-01-29,0
Ang Thong,อ่างทอง,Travel Ang Thong,EN,2026-01-01 2026-04-30,TH,2026-05-10T16:20:28.607300,2026-01-30,0
Ang Thong,อ่างทอง,Travel Ang Thong,EN,2026-01-01 2026-04-30,TH,2026-05-10T16:20:28.607300,2026-01-31,0
Ang Thong,อ่างทอง,Travel Ang Thong,EN,2026-01-01 2026-04-30,TH,2026-05-10T16:20:28.607300,2026-02-01,0
Ang Thong,อ่างทอง,Travel Ang Thong,EN,2026-01-01 2026-04-30,TH,2026-05-10T16:20:28.607300,2026-02-02,0
Ang Thong,อ่างทอง,Travel Ang Thong,EN,2026-01-01 2026-04-30,TH,2026-05-10T16:20:28.607300,2026-02-03,0
Ang Thong,อ่างทอง,Travel Ang Thong,EN,2026-01-01 2026-04-30,TH,2026-05-10T16:20:28.607300,2026-02-04,0
Ang Thong,อ่างทอง,Travel Ang Thong,EN,2026-01-01 2026-04-30,TH,2026-05-10T16:20:28.607300,2026-02-05,0
Ang Thong,อ่างทอง,Travel Ang Thong,EN,2026-01-01 2026-04-30,TH,2026-05-10T16:20:28.607300,2026-02-06,0
Ang Thong,อ่างทอง,Travel Ang Thong,EN,2026-01-01 2026-04-30,TH,2026-05-10T16:20:28.607300,2026-02-07,0
Ang Thong,อ่างทอง,Travel Ang Thong,EN,2026-01-01 2026-04-30,TH,2026-05-10T16:20:28.607300,2026-02-08,0
Ang Thong,อ่างทอง,Travel Ang Thong,EN,2026-01-01 2026-04-30,TH,2026-05-10T16:20:28.607300,2026-02-09,0
Ang Thong,อ่างทอง,Travel Ang Thong,EN,2026-01-01 2026-04-30,TH,2026-05-10T16:20:28.607300,2026-02-10,0
Ang Thong,อ่างทอง,Travel Ang Thong,EN,2026-01-01 2026-04-30,TH,2026-05-10T16:20:28.607300,2026-02-11,0
Ang Thong,อ่างทอง,Travel Ang Thong,EN,2026-01-01 2026-04-30,TH,2026-05-10T16:20:28.607300,2026-02-12,0
Ang Thong,อ่างทอง,Travel Ang Thong,EN,2026-01-01 2026-04-30,TH,2026-05-10T16:20:28.607300,2026-02-13,0
Ang Thong,อ่างทอง,Travel Ang Thong,EN,2026-01-01 2026-04-30,TH,2026-05-10T16:20:28.607300,2026-02-14,0
Ang Thong,อ่างทอง,Travel Ang Thong,EN,2026-01-01 2026-04-30,TH,2026-05-10T16:20:28.607300,2026-02-15,0
Ang Thong,อ่างทอง,Travel Ang Thong,EN,2026-01-01 2026-04-30,TH,2026-05-10T16:20:28.607300,2026-02-16,0
Ang Thong,อ่างทอง,Travel Ang Thong,EN,2026-01-01 2026-04-30,TH,2026-05-10T16:20:28.607300,2026-02-17,0
Ang Thong,อ่างทอง,Travel Ang Thong,EN,2026-01-01 2026-04-30,TH,2026-05-10T16:20:28.607300,2026-02-18,0
Ang Thong,อ่างทอง,Travel Ang Thong,EN,2026-01-01 2026-04-30,TH,2026-05-10T16:20:28.607300,2026-02-19,0
Ang Thong,อ่างทอง,Travel Ang Thong,EN,2026-01-01 2026-04-30,TH,2026-05-10T16:20:28.607300,2026-02-20,0
Ang Thong,อ่างทอง,Travel Ang Thong,EN,2026-01-01 2026-04-30,TH,2026-05-10T16:20:28.607300,2026-02-21,0
Ang Thong,อ่างทอง,Travel Ang Thong,EN,2026-01-01 2026-04-30,TH,2026-05-10T16:20:28.607300,2026-02-22,0
Ang Thong,อ่างทอง,Travel Ang Thong,EN,2026-01-01 2026-04-30,TH,2026-05-10T16:20:28.607300,2026-02-23,0
Ang Thong,อ่างทอง,Travel Ang Thong,EN,2026-01-01 2026-04-30,TH,2026-05-10T16:20:28.607300,2026-02-24,0
Ang Thong,อ่างทอง,Travel Ang Thong,EN,2026-01-01 2026-04-30,TH,2026-05-10T16:20:28.607300,2026-02-25,0
Ang Thong,อ่างทอง,Travel Ang Thong,EN,2026-01-01 2026-04-30,TH,2026-05-10T16:20:28.607300,2026-02-26,0
Ang Thong,อ่างทอง,Travel Ang Thong,EN,2026-01-01 2026-04-30,TH,2026-05-10T16:20:28.607300,2026-02-27,0
Ang Thong,อ่างทอง,Travel Ang Thong,EN,2026-01-01 2026-04-30,TH,2026-05-10T16:20:28.607300,2026-02-28,0
Ang Thong,อ่างทอง,Travel Ang Thong,EN,2026-01-01 2026-04-30,TH,2026-05-10T16:20:28.607300,2026-03-01,0
Ang Thong,อ่างทอง,Travel Ang Thong,EN,2026-01-01 2026-04-30,TH,2026-05-10T16:20:28.607300,2026-03-02,0
Ang Thong,อ่างทอง,Travel Ang Thong,EN,2026-01-01 2026-04-30,TH,2026-05-10T16:20:28.607300,2026-03-03,0
Ang Thong,อ่างทอง,Travel Ang Thong,EN,2026-01-01 2026-04-30,TH,2026-05-10T16:20:28.607300,2026-03-04,0
Ang Thong,อ่างทอง,Travel Ang Thong,EN,2026-01-01 2026-04-30,TH,2026-05-10T16:20:28.607300,2026-03-05,0
Ang Thong,อ่างทอง,Travel Ang Thong,EN,2026-01-01 2026-04-30,TH,2026-05-10T16:20:28.607300,2026-03-06,0
Ang Thong,อ่างทอง,Travel Ang Thong,EN,2026-01-01 2026-04-30,TH,2026-05-10T16:20:28.607300,2026-03-07,0
Ang Thong,อ่างทอง,Travel Ang Thong,EN,2026-01-01 2026-04-30,TH,2026-05-10T16:20:28.607300,2026-03-08,0
Ang Thong,อ่างทอง,Travel Ang Thong,EN,2026-01-01 2026-04-30,TH,2026-05-10T16:20:28.607300,2026-03-09,0
Ang Thong,อ่างทอง,Travel Ang Thong,EN,2026-01-01 2026-04-30,TH,2026-05-10T16:20:28.607300,2026-03-10,0
Ang Thong,อ่างทอง,Travel Ang Thong,EN,2026-01-01 2026-04-30,TH,2026-05-10T16:20:28.607300,2026-03-11,0
Ang Thong,อ่างทอง,Travel Ang Thong,EN,2026-01-01 2026-04-30,TH,2026-05-10T16:20:28.607300,2026-03-12,0
Ang Thong,อ่างทอง,Travel Ang Thong,EN,2026-01-01 2026-04-30,TH,2026-05-10T16:20:28.607300,2026-03-13,0
Ang Thong,อ่างทอง,Travel Ang Thong,EN,2026-01-01 2026-04-30,TH,2026-05-10T16:20:28.607300,2026-03-14,0
Ang Thong,อ่างทอง,Travel Ang Thong,EN,2026-01-01 2026-04-30,TH,2026-05-10T16:20:28.607300,2026-03-15,0
Ang Thong,อ่างทอง,Travel Ang Thong,EN,2026-01-01 2026-04-30,TH,2026-05-10T16:20:28.607300,2026-03-16,0
Ang Thong,อ่างทอง,Travel Ang Thong,EN,2026-01-01 2026-04-30,TH,2026-05-10T16:20:28.607300,2026-03-17,0
Ang Thong,อ่างทอง,Travel Ang Thong,EN,2026-01-01 2026-04-30,TH,2026-05-10T16:20:28.607300,2026-03-18,0
Ang Thong,อ่างทอง,Travel Ang Thong,EN,2026-01-01 2026-04-30,TH,2026-05-10T16:20:28.607300,2026-03-19,0
Ang Thong,อ่างทอง,Travel Ang Thong,EN,2026-01-01 2026-04-30,TH,2026-05-10T16:20:28.607300,2026-03-20,0
Ang Thong,อ่างทอง,Travel Ang Thong,EN,2026-01-01 2026-04-30,TH,2026-05-10T16:20:28.607300,2026-03-21,0
Ang Thong,อ่างทอง,Travel Ang Thong,EN,2026-01-01 2026-04-30,TH,2026-05-10T16:20:28.607300,2026-03-22,0
Ang Thong,อ่างทอง,Travel Ang Thong,EN,2026-01-01 2026-04-30,TH,2026-05-10T16:20:28.607300,2026-03-23,0
Ang Thong,อ่างทอง,Travel Ang Thong,EN,2026-01-01 2026-04-30,TH,2026-05-10T16:20:28.607300,2026-03-24,0
Ang Thong,อ่างทอง,Travel Ang Thong,EN,2026-01-01 2026-04-30,TH,2026-05-10T16:20:28.607300,2026-03-25,0
Ang Thong,อ่างทอง,Travel Ang Thong,EN,2026-01-01 2026-04-30,TH,2026-05-10T16:20:28.607300,2026-03-26,0
Ang Thong,อ่างทอง,Travel Ang Thong,EN,2026-01-01 2026-04-30,TH,2026-05-10T16:20:28.607300,2026-03-27,0
Ang Thong,อ่างทอง,Travel Ang Thong,EN,2026-01-01 2026-04-30,TH,2026-05-10T16:20:28.607300,2026-03-28,0
Ang Thong,อ่างทอง,Travel Ang Thong,EN,2026-01-01 2026-04-30,TH,2026-05-10T16:20:28.607300,2026-03-29,0
Ang Thong,อ่างทอง,Travel Ang Thong,EN,2026-01-01 2026-04-30,TH,2026-05-10T16:20:28.607300,2026-03-30,0
Ang Thong,อ่างทอง,Travel Ang Thong,EN,2026-01-01 2026-04-30,TH,2026-05-10T16:20:28.607300,2026-03-31,0
Ang Thong,อ่างทอง,Travel Ang Thong,EN,2026-01-01 2026-04-30,TH,2026-05-10T16:20:28.607300,2026-04-01,0
Ang Thong,อ่างทอง,Travel Ang Thong,EN,2026-01-01 2026-04-30,TH,2026-05-10T16:20:28.607300,2026-04-02,0
Ang Thong,อ่างทอง,Travel Ang Thong,EN,2026-01-01 2026-04-30,TH,2026-05-10T16:20:28.607300,2026-04-03,0
Ang Thong,อ่างทอง,Travel Ang Thong,EN,2026-01-01 2026-04-30,TH,2026-05-10T16:20:28.607300,2026-04-04,0
Ang Thong,อ่างทอง,Travel Ang Thong,EN,2026-01-01 2026-04-30,TH,2026-05-10T16:20:28.607300,2026-04-05,100
Ang Thong,อ่างทอง,Travel Ang Thong,EN,2026-01-01 2026-04-30,TH,2026-05-10T16:20:28.607300,2026-04-06,0
Ang Thong,อ่างทอง,Travel Ang Thong,EN,2026-01-01 2026-04-30,TH,2026-05-10T16:20:28.607300,2026-04-07,0
Ang Thong,อ่างทอง,Travel Ang Thong,EN,2026-01-01 2026-04-30,TH,2026-05-10T16:20:28.607300,2026-04-08,0
Ang Thong,อ่างทอง,Travel Ang Thong,EN,2026-01-01 2026-04-30,TH,2026-05-10T16:20:28.607300,2026-04-09,0
Ang Thong,อ่างทอง,Travel Ang Thong,EN,2026-01-01 2026-04-30,TH,2026-05-10T16:20:28.607300,2026-04-10,0
Ang Thong,อ่างทอง,Travel Ang Thong,EN,2026-01-01 2026-04-30,TH,2026-05-10T16:20:28.607300,2026-04-11,0
Ang Thong,อ่างทอง,Travel Ang Thong,EN,2026-01-01 2026-04-30,TH,2026-05-10T16:20:28.607300,2026-04-12,0
Ang Thong,อ่างทอง,Travel Ang Thong,EN,2026-01-01 2026-04-30,TH,2026-05-10T16:20:28.607300,2026-04-13,0
Ang Thong,อ่างทอง,Travel Ang Thong,EN,2026-01-01 2026-04-30,TH,2026-05-10T16:20:28.607300,2026-04-14,0
Ang Thong,อ่างทอง,Travel Ang Thong,EN,2026-01-01 2026-04-30,TH,2026-05-10T16:20:28.607300,2026-04-15,0
Ang Thong,อ่างทอง,Travel Ang Thong,EN,2026-01-01 2026-04-30,TH,2026-05-10T16:20:28.607300,2026-04-16,0
Ang Thong,อ่างทอง,Travel Ang Thong,EN,2026-01-01 2026-04-30,TH,2026-05-10T16:20:28.607300,2026-04-17,0
Ang Thong,อ่างทอง,Travel Ang Thong,EN,2026-01-01 2026-04-30,TH,2026-05-10T16:20:28.607300,2026-04-18,0
Ang Thong,อ่างทอง,Travel Ang Thong,EN,2026-01-01 2026-04-30,TH,2026-05-10T16:20:28.607300,2026-04-19,0
Ang Thong,อ่างทอง,Travel Ang Thong,EN,2026-01-01 2026-04-30,TH,2026-05-10T16:20:28.607300,2026-04-20,0
Ang Thong,อ่างทอง,Travel Ang Thong,EN,2026-01-01 2026-04-30,TH,2026-05-10T16:20:28.607300,2026-04-21,0
Ang Thong,อ่างทอง,Travel Ang Thong,EN,2026-01-01 2026-04-30,TH,2026-05-10T16:20:28.607300,2026-04-22,0
Ang Thong,อ่างทอง,Travel Ang Thong,EN,2026-01-01 2026-04-30,TH,2026-05-10T16:20:28.607300,2026-04-23,0
Ang Thong,อ่างทอง,Travel Ang Thong,EN,2026-01-01 2026-04-30,TH,2026-05-10T16:20:28.607300,2026-04-24,0
Ang Thong,อ่างทอง,Travel Ang Thong,EN,2026-01-01 2026-04-30,TH,2026-05-10T16:20:28.607300,2026-04-25,0
Ang Thong,อ่างทอง,Travel Ang Thong,EN,2026-01-01 2026-04-30,TH,2026-05-10T16:20:28.607300,2026-04-26,0
Ang Thong,อ่างทอง,Travel Ang Thong,EN,2026-01-01 2026-04-30,TH,2026-05-10T16:20:28.607300,2026-04-27,0
Ang Thong,อ่างทอง,Travel Ang Thong,EN,2026-01-01 2026-04-30,TH,2026-05-10T16:20:28.607300,2026-04-28,0
Ang Thong,อ่างทอง,Travel Ang Thong,EN,2026-01-01 2026-04-30,TH,2026-05-10T16:20:28.607300,2026-04-29,0
Ang Thong,อ่างทอง,Travel Ang Thong,EN,2026-01-01 2026-04-30,TH,2026-05-10T16:20:28.607300,2026-04-30,0
Ang Thong,อ่างทอง,เที่ยว อ่างทอง,TH,2026-01-01 2026-04-30,TH,2026-05-10T16:20:35.146072,2026-01-01,0
Ang Thong,อ่างทอง,เที่ยว อ่างทอง,TH,2026-01-01 2026-04-30,TH,2026-05-10T16:20:35.146072,2026-01-02,0
Ang Thong,อ่างทอง,เที่ยว อ่างทอง,TH,2026-01-01 2026-04-30,TH,2026-05-10T16:20:35.146072,2026-01-03,0
Ang Thong,อ่างทอง,เที่ยว อ่างทอง,TH,2026-01-01 2026-04-30,TH,2026-05-10T16:20:35.146072,2026-01-04,0
Ang Thong,อ่างทอง,เที่ยว อ่างทอง,TH,2026-01-01 2026-04-30,TH,2026-05-10T16:20:35.146072,2026-01-05,0
Ang Thong,อ่างทอง,เที่ยว อ่างทอง,TH,2026-01-01 2026-04-30,TH,2026-05-10T16:20:35.146072,2026-01-06,0
Ang Thong,อ่างทอง,เที่ยว อ่างทอง,TH,2026-01-01 2026-04-30,TH,2026-05-10T16:20:35.146072,2026-01-07,0
Ang Thong,อ่างทอง,เที่ยว อ่างทอง,TH,2026-01-01 2026-04-30,TH,2026-05-10T16:20:35.146072,2026-01-08,0
Ang Thong,อ่างทอง,เที่ยว อ่างทอง,TH,2026-01-01 2026-04-30,TH,2026-05-10T16:20:35.146072,2026-01-09,0
Ang Thong,อ่างทอง,เที่ยว อ่างทอง,TH,2026-01-01 2026-04-30,TH,2026-05-10T16:20:35.146072,2026-01-10,0
Ang Thong,อ่างทอง,เที่ยว อ่างทอง,TH,2026-01-01 2026-04-30,TH,2026-05-10T16:20:35.146072,2026-01-11,0
Ang Thong,อ่างทอง,เที่ยว อ่างทอง,TH,2026-01-01 2026-04-30,TH,2026-05-10T16:20:35.146072,2026-01-12,0
Ang Thong,อ่างทอง,เที่ยว อ่างทอง,TH,2026-01-01 2026-04-30,TH,2026-05-10T16:20:35.146072,2026-01-13,0
Ang Thong,อ่างทอง,เที่ยว อ่างทอง,TH,2026-01-01 2026-04-30,TH,2026-05-10T16:20:35.146072,2026-01-14,0
Ang Thong,อ่างทอง,เที่ยว อ่างทอง,TH,2026-01-01 2026-04-30,TH,2026-05-10T16:20:35.146072,2026-01-15,0
Ang Thong,อ่างทอง,เที่ยว อ่างทอง,TH,2026-01-01 2026-04-30,TH,2026-05-10T16:20:35.146072,2026-01-16,0
Ang Thong,อ่างทอง,เที่ยว อ่างทอง,TH,2026-01-01 2026-04-30,TH,2026-05-10T16:20:35.146072,2026-01-17,0
Ang Thong,อ่างทอง,เที่ยว อ่างทอง,TH,2026-01-01 2026-04-30,TH,2026-05-10T16:20:35.146072,2026-01-18,0
Ang Thong,อ่างทอง,เที่ยว อ่างทอง,TH,2026-01-01 2026-04-30,TH,2026-05-10T16:20:35.146072,2026-01-19,0
Ang Thong,อ่างทอง,เที่ยว อ่างทอง,TH,2026-01-01 2026-04-30,TH,2026-05-10T16:20:35.146072,2026-01-20,0
Ang Thong,อ่างทอง,เที่ยว อ่างทอง,TH,2026-01-01 2026-04-30,TH,2026-05-10T16:20:35.146072,2026-01-21,0
Ang Thong,อ่างทอง,เที่ยว อ่างทอง,TH,2026-01-01 2026-04-30,TH,2026-05-10T16:20:35.146072,2026-01-22,0
Ang Thong,อ่างทอง,เที่ยว อ่างทอง,TH,2026-01-01 2026-04-30,TH,2026-05-10T16:20:35.146072,2026-01-23,0
Ang Thong,อ่างทอง,เที่ยว อ่างทอง,TH,2026-01-01 2026-04-30,TH,2026-05-10T16:20:35.146072,2026-01-24,0
Ang Thong,อ่างทอง,เที่ยว อ่างทอง,TH,2026-01-01 2026-04-30,TH,2026-05-10T16:20:35.146072,2026-01-25,0
Ang Thong,อ่างทอง,เที่ยว อ่างทอง,TH,2026-01-01 2026-04-30,TH,2026-05-10T16:20:35.146072,2026-01-26,0
Ang Thong,อ่างทอง,เที่ยว อ่างทอง,TH,2026-01-01 2026-04-30,TH,2026-05-10T16:20:35.146072,2026-01-27,0
Ang Thong,อ่างทอง,เที่ยว อ่างทอง,TH,2026-01-01 2026-04-30,TH,2026-05-10T16:20:35.146072,2026-01-28,0
Ang Thong,อ่างทอง,เที่ยว อ่างทอง,TH,2026-01-01 2026-04-30,TH,2026-05-10T16:20:35.146072,2026-01-29,0
Ang Thong,อ่างทอง,เที่ยว อ่างทอง,TH,2026-01-01 2026-04-30,TH,2026-05-10T16:20:35.146072,2026-01-30,0
Ang Thong,อ่างทอง,เที่ยว อ่างทอง,TH,2026-01-01 2026-04-30,TH,2026-05-10T16:20:35.146072,2026-01-31,0
Ang Thong,อ่างทอง,เที่ยว อ่างทอง,TH,2026-01-01 2026-04-30,TH,2026-05-10T16:20:35.146072,2026-02-01,0
Ang Thong,อ่างทอง,เที่ยว อ่างทอง,TH,2026-01-01 2026-04-30,TH,2026-05-10T16:20:35.146072,2026-02-02,0
Ang Thong,อ่างทอง,เที่ยว อ่างทอง,TH,2026-01-01 2026-04-30,TH,2026-05-10T16:20:35.146072,2026-02-03,0
Ang Thong,อ่างทอง,เที่ยว อ่างทอง,TH,2026-01-01 2026-04-30,TH,2026-05-10T16:20:35.146072,2026-02-04,0
Ang Thong,อ่างทอง,เที่ยว อ่างทอง,TH,2026-01-01 2026-04-30,TH,2026-05-10T16:20:35.146072,2026-02-05,0
Ang Thong,อ่างทอง,เที่ยว อ่างทอง,TH,2026-01-01 2026-04-30,TH,2026-05-10T16:20:35.146072,2026-02-06,0
Ang Thong,อ่างทอง,เที่ยว อ่างทอง,TH,2026-01-01 2026-04-30,TH,2026-05-10T16:20:35.146072,2026-02-07,0
Ang Thong,อ่างทอง,เที่ยว อ่างทอง,TH,2026-01-01 2026-04-30,TH,2026-05-10T16:20:35.146072,2026-02-08,0
Ang Thong,อ่างทอง,เที่ยว อ่างทอง,TH,2026-01-01 2026-04-30,TH,2026-05-10T16:20:35.146072,2026-02-09,0
Ang Thong,อ่างทอง,เที่ยว อ่างทอง,TH,2026-01-01 2026-04-30,TH,2026-05-10T16:20:35.146072,2026-02-10,0
Ang Thong,อ่างทอง,เที่ยว อ่างทอง,TH,2026-01-01 2026-04-30,TH,2026-05-10T16:20:35.146072,2026-02-11,0
Ang Thong,อ่างทอง,เที่ยว อ่างทอง,TH,2026-01-01 2026-04-30,TH,2026-05-10T16:20:35.146072,2026-02-12,0
Ang Thong,อ่างทอง,เที่ยว อ่างทอง,TH,2026-01-01 2026-04-30,TH,2026-05-10T16:20:35.146072,2026-02-13,0
Ang Thong,อ่างทอง,เที่ยว อ่างทอง,TH,2026-01-01 2026-04-30,TH,2026-05-10T16:20:35.146072,2026-02-14,0
Ang Thong,อ่างทอง,เที่ยว อ่างทอง,TH,2026-01-01 2026-04-30,TH,2026-05-10T16:20:35.146072,2026-02-15,0
Ang Thong,อ่างทอง,เที่ยว อ่างทอง,TH,2026-01-01 2026-04-30,TH,2026-05-10T16:20:35.146072,2026-02-16,0
Ang Thong,อ่างทอง,เที่ยว อ่างทอง,TH,2026-01-01 2026-04-30,TH,2026-05-10T16:20:35.146072,2026-02-17,0
Ang Thong,อ่างทอง,เที่ยว อ่างทอง,TH,2026-01-01 2026-04-30,TH,2026-05-10T16:20:35.146072,2026-02-18,0
Ang Thong,อ่างทอง,เที่ยว อ่างทอง,TH,2026-01-01 2026-04-30,TH,2026-05-10T16:20:35.146072,2026-02-19,0
Ang Thong,อ่างทอง,เที่ยว อ่างทอง,TH,2026-01-01 2026-04-30,TH,2026-05-10T16:20:35.146072,2026-02-20,0
Ang Thong,อ่างทอง,เที่ยว อ่างทอง,TH,2026-01-01 2026-04-30,TH,2026-05-10T16:20:35.146072,2026-02-21,0
Ang Thong,อ่างทอง,เที่ยว อ่างทอง,TH,2026-01-01 2026-04-30,TH,2026-05-10T16:20:35.146072,2026-02-22,0
Ang Thong,อ่างทอง,เที่ยว อ่างทอง,TH,2026-01-01 2026-04-30,TH,2026-05-10T16:20:35.146072,2026-02-23,0
Ang Thong,อ่างทอง,เที่ยว อ่างทอง,TH,2026-01-01 2026-04-30,TH,2026-05-10T16:20:35.146072,2026-02-24,0
Ang Thong,อ่างทอง,เที่ยว อ่างทอง,TH,2026-01-01 2026-04-30,TH,2026-05-10T16:20:35.146072,2026-02-25,0
Ang Thong,อ่างทอง,เที่ยว อ่างทอง,TH,2026-01-01 2026-04-30,TH,2026-05-10T16:20:35.146072,2026-02-26,0
Ang Thong,อ่างทอง,เที่ยว อ่างทอง,TH,2026-01-01 2026-04-30,TH,2026-05-10T16:20:35.146072,2026-02-27,0
Ang Thong,อ่างทอง,เที่ยว อ่างทอง,TH,2026-01-01 2026-04-30,TH,2026-05-10T16:20:35.146072,2026-02-28,0
Ang Thong,อ่างทอง,เที่ยว อ่างทอง,TH,2026-01-01 2026-04-30,TH,2026-05-10T16:20:35.146072,2026-03-01,0
Ang Thong,อ่างทอง,เที่ยว อ่างทอง,TH,2026-01-01 2026-04-30,TH,2026-05-10T16:20:35.146072,2026-03-02,0
Ang Thong,อ่างทอง,เที่ยว อ่างทอง,TH,2026-01-01 2026-04-30,TH,2026-05-10T16:20:35.146072,2026-03-03,0
Ang Thong,อ่างทอง,เที่ยว อ่างทอง,TH,2026-01-01 2026-04-30,TH,2026-05-10T16:20:35.146072,2026-03-04,0
Ang Thong,อ่างทอง,เที่ยว อ่างทอง,TH,2026-01-01 2026-04-30,TH,2026-05-10T16:20:35.146072,2026-03-05,0
Ang Thong,อ่างทอง,เที่ยว อ่างทอง,TH,2026-01-01 2026-04-30,TH,2026-05-10T16:20:35.146072,2026-03-06,0
Ang Thong,อ่างทอง,เที่ยว อ่างทอง,TH,2026-01-01 2026-04-30,TH,2026-05-10T16:20:35.146072,2026-03-07,0
Ang Thong,อ่างทอง,เที่ยว อ่างทอง,TH,2026-01-01 2026-04-30,TH,2026-05-10T16:20:35.146072,2026-03-08,0
Ang Thong,อ่างทอง,เที่ยว อ่างทอง,TH,2026-01-01 2026-04-30,TH,2026-05-10T16:20:35.146072,2026-03-09,0
Ang Thong,อ่างทอง,เที่ยว อ่างทอง,TH,2026-01-01 2026-04-30,TH,2026-05-10T16:20:35.146072,2026-03-10,0
Ang Thong,อ่างทอง,เที่ยว อ่างทอง,TH,2026-01-01 2026-04-30,TH,2026-05-10T16:20:35.146072,2026-03-11,0
Ang Thong,อ่างทอง,เที่ยว อ่างทอง,TH,2026-01-01 2026-04-30,TH,2026-05-10T16:20:35.146072,2026-03-12,0
Ang Thong,อ่างทอง,เที่ยว อ่างทอง,TH,2026-01-01 2026-04-30,TH,2026-05-10T16:20:35.146072,2026-03-13,0
Ang Thong,อ่างทอง,เที่ยว อ่างทอง,TH,2026-01-01 2026-04-30,TH,2026-05-10T16:20:35.146072,2026-03-14,0
Ang Thong,อ่างทอง,เที่ยว อ่างทอง,TH,2026-01-01 2026-04-30,TH,2026-05-10T16:20:35.146072,2026-03-15,0
Ang Thong,อ่างทอง,เที่ยว อ่างทอง,TH,2026-01-01 2026-04-30,TH,2026-05-10T16:20:35.146072,2026-03-16,0
Ang Thong,อ่างทอง,เที่ยว อ่างทอง,TH,2026-01-01 2026-04-30,TH,2026-05-10T16:20:35.146072,2026-03-17,0
Ang Thong,อ่างทอง,เที่ยว อ่างทอง,TH,2026-01-01 2026-04-30,TH,2026-05-10T16:20:35.146072,2026-03-18,0
Ang Thong,อ่างทอง,เที่ยว อ่างทอง,TH,2026-01-01 2026-04-30,TH,2026-05-10T16:20:35.146072,2026-03-19,0
Ang Thong,อ่างทอง,เที่ยว อ่างทอง,TH,2026-01-01 2026-04-30,TH,2026-05-10T16:20:35.146072,2026-03-20,0
Ang Thong,อ่างทอง,เที่ยว อ่างทอง,TH,2026-01-01 2026-04-30,TH,2026-05-10T16:20:35.146072,2026-03-21,0
Ang Thong,อ่างทอง,เที่ยว อ่างทอง,TH,2026-01-01 2026-04-30,TH,2026-05-10T16:20:35.146072,2026-03-22,0
Ang Thong,อ่างทอง,เที่ยว อ่างทอง,TH,2026-01-01 2026-04-30,TH,2026-05-10T16:20:35.146072,2026-03-23,0
Ang Thong,อ่างทอง,เที่ยว อ่างทอง,TH,2026-01-01 2026-04-30,TH,2026-05-10T16:20:35.146072,2026-03-24,0
Ang Thong,อ่างทอง,เที่ยว อ่างทอง,TH,2026-01-01 2026-04-30,TH,2026-05-10T16:20:35.146072,2026-03-25,0
Ang Thong,อ่างทอง,เที่ยว อ่างทอง,TH,2026-01-01 2026-04-30,TH,2026-05-10T16:20:35.146072,2026-03-26,0
Ang Thong,อ่างทอง,เที่ยว อ่างทอง,TH,2026-01-01 2026-04-30,TH,2026-05-10T16:20:35.146072,2026-03-27,0
Ang Thong,อ่างทอง,เที่ยว อ่างทอง,TH,2026-01-01 2026-04-30,TH,2026-05-10T16:20:35.146072,2026-03-28,0
Ang Thong,อ่างทอง,เที่ยว อ่างทอง,TH,2026-01-01 2026-04-30,TH,2026-05-10T16:20:35.146072,2026-03-29,0
Ang Thong,อ่างทอง,เที่ยว อ่างทอง,TH,2026-01-01 2026-04-30,TH,2026-05-10T16:20:35.146072,2026-03-30,0
Ang Thong,อ่างทอง,เที่ยว อ่างทอง,TH,2026-01-01 2026-04-30,TH,2026-05-10T16:20:35.146072,2026-03-31,0
Ang Thong,อ่างทอง,เที่ยว อ่างทอง,TH,2026-01-01 2026-04-30,TH,2026-05-10T16:20:35.146072,2026-04-01,0
Ang Thong,อ่างทอง,เที่ยว อ่างทอง,TH,2026-01-01 2026-04-30,TH,2026-05-10T16:20:35.146072,2026-04-02,0
Ang Thong,อ่างทอง,เที่ยว อ่างทอง,TH,2026-01-01 2026-04-30,TH,2026-05-10T16:20:35.146072,2026-04-03,0
Ang Thong,อ่างทอง,เที่ยว อ่างทอง,TH,2026-01-01 2026-04-30,TH,2026-05-10T16:20:35.146072,2026-04-04,0
Ang Thong,อ่างทอง,เที่ยว อ่างทอง,TH,2026-01-01 2026-04-30,TH,2026-05-10T16:20:35.146072,2026-04-05,0
Ang Thong,อ่างทอง,เที่ยว อ่างทอง,TH,2026-01-01 2026-04-30,TH,2026-05-10T16:20:35.146072,2026-04-06,0
Ang Thong,อ่างทอง,เที่ยว อ่างทอง,TH,2026-01-01 2026-04-30,TH,2026-05-10T16:20:35.146072,2026-04-07,0
Ang Thong,อ่างทอง,เที่ยว อ่างทอง,TH,2026-01-01 2026-04-30,TH,2026-05-10T16:20:35.146072,2026-04-08,0
Ang Thong,อ่างทอง,เที่ยว อ่างทอง,TH,2026-01-01 2026-04-30,TH,2026-05-10T16:20:35.146072,2026-04-09,0
Ang Thong,อ่างทอง,เที่ยว อ่างทอง,TH,2026-01-01 2026-04-30,TH,2026-05-10T16:20:35.146072,2026-04-10,0
Ang Thong,อ่างทอง,เที่ยว อ่างทอง,TH,2026-01-01 2026-04-30,TH,2026-05-10T16:20:35.146072,2026-04-11,0
Ang Thong,อ่างทอง,เที่ยว อ่างทอง,TH,2026-01-01 2026-04-30,TH,2026-05-10T16:20:35.146072,2026-04-12,0
Ang Thong,อ่างทอง,เที่ยว อ่างทอง,TH,2026-01-01 2026-04-30,TH,2026-05-10T16:20:35.146072,2026-04-13,0
Ang Thong,อ่างทอง,เที่ยว อ่างทอง,TH,2026-01-01 2026-04-30,TH,2026-05-10T16:20:35.146072,2026-04-14,0
Ang Thong,อ่างทอง,เที่ยว อ่างทอง,TH,2026-01-01 2026-04-30,TH,2026-05-10T16:20:35.146072,2026-04-15,0
Ang Thong,อ่างทอง,เที่ยว อ่างทอง,TH,2026-01-01 2026-04-30,TH,2026-05-10T16:20:35.146072,2026-04-16,0
Ang Thong,อ่างทอง,เที่ยว อ่างทอง,TH,2026-01-01 2026-04-30,TH,2026-05-10T16:20:35.146072,2026-04-17,0
Ang Thong,อ่างทอง,เที่ยว อ่างทอง,TH,2026-01-01 2026-04-30,TH,2026-05-10T16:20:35.146072,2026-04-18,0
Ang Thong,อ่างทอง,เที่ยว อ่างทอง,TH,2026-01-01 2026-04-30,TH,2026-05-10T16:20:35.146072,2026-04-19,0
Ang Thong,อ่างทอง,เที่ยว อ่างทอง,TH,2026-01-01 2026-04-30,TH,2026-05-10T16:20:35.146072,2026-04-20,0
Ang Thong,อ่างทอง,เที่ยว อ่างทอง,TH,2026-01-01 2026-04-30,TH,2026-05-10T16:20:35.146072,2026-04-21,0
Ang Thong,อ่างทอง,เที่ยว อ่างทอง,TH,2026-01-01 2026-04-30,TH,2026-05-10T16:20:35.146072,2026-04-22,0
Ang Thong,อ่างทอง,เที่ยว อ่างทอง,TH,2026-01-01 2026-04-30,TH,2026-05-10T16:20:35.146072,2026-04-23,0
Ang Thong,อ่างทอง,เที่ยว อ่างทอง,TH,2026-01-01 2026-04-30,TH,2026-05-10T16:20:35.146072,2026-04-24,0
Ang Thong,อ่างทอง,เที่ยว อ่างทอง,TH,2026-01-01 2026-04-30,TH,2026-05-10T16:20:35.146072,2026-04-25,0
Ang Thong,อ่างทอง,เที่ยว อ่างทอง,TH,2026-01-01 2026-04-30,TH,2026-05-10T16:20:35.146072,2026-04-26,77
Ang Thong,อ่างทอง,เที่ยว อ่างทอง,TH,2026-01-01 2026-04-30,TH,2026-05-10T16:20:35.146072,2026-04-27,50
Ang Thong,อ่างทอง,เที่ยว อ่างทอง,TH,2026-01-01 2026-04-30,TH,2026-05-10T16:20:35.146072,2026-04-28,76
Ang Thong,อ่างทอง,เที่ยว อ่างทอง,TH,2026-01-01 2026-04-30,TH,2026-05-10T16:20:35.146072,2026-04-29,67
Ang Thong,อ่างทอง,เที่ยว อ่างทอง,TH,2026-01-01 2026-04-30,TH,2026-05-10T16:20:35.146072,2026-04-30,100
Lop Buri,ลพบุรี,Travel Lop Buri,EN,2026-01-01 2026-04-30,TH,2026-05-10T16:22:42.218115,2026-01-01,0
Lop Buri,ลพบุรี,Travel Lop Buri,EN,2026-01-01 2026-04-30,TH,2026-05-10T16:22:42.218115,2026-01-02,0
Lop Buri,ลพบุรี,Travel Lop Buri,EN,2026-01-01 2026-04-30,TH,2026-05-10T16:22:42.218115,2026-01-03,0
Lop Buri,ลพบุรี,Travel Lop Buri,EN,2026-01-01 2026-04-30,TH,2026-05-10T16:22:42.218115,2026-01-04,0
Lop Buri,ลพบุรี,Travel Lop Buri,EN,2026-01-01 2026-04-30,TH,2026-05-10T16:22:42.218115,2026-01-05,0
Lop Buri,ลพบุรี,Travel Lop Buri,EN,2026-01-01 2026-04-30,TH,2026-05-10T16:22:42.218115,2026-01-06,0
Lop Buri,ลพบุรี,Travel Lop Buri,EN,2026-01-01 2026-04-30,TH,2026-05-10T16:22:42.218115,2026-01-07,0
Lop Buri,ลพบุรี,Travel Lop Buri,EN,2026-01-01 2026-04-30,TH,2026-05-10T16:22:42.218115,2026-01-08,0
Lop Buri,ลพบุรี,Travel Lop Buri,EN,2026-01-01 2026-04-30,TH,2026-05-10T16:22:42.218115,2026-01-09,0
Lop Buri,ลพบุรี,Travel Lop Buri,EN,2026-01-01 2026-04-30,TH,2026-05-10T16:22:42.218115,2026-01-10,0
Lop Buri,ลพบุรี,Travel Lop Buri,EN,2026-01-01 2026-04-30,TH,2026-05-10T16:22:42.218115,2026-01-11,0
Lop Buri,ลพบุรี,Travel Lop Buri,EN,2026-01-01 2026-04-30,TH,2026-05-10T16:22:42.218115,2026-01-12,0
Lop Buri,ลพบุรี,Travel Lop Buri,EN,2026-01-01 2026-04-30,TH,2026-05-10T16:22:42.218115,2026-01-13,0
Lop Buri,ลพบุรี,Travel Lop Buri,EN,2026-01-01 2026-04-30,TH,2026-05-10T16:22:42.218115,2026-01-14,0
Lop Buri,ลพบุรี,Travel Lop Buri,EN,2026-01-01 2026-04-30,TH,2026-05-10T16:22:42.218115,2026-01-15,0
Lop Buri,ลพบุรี,Travel Lop Buri,EN,2026-01-01 2026-04-30,TH,2026-05-10T16:22:42.218115,2026-01-16,0
Lop Buri,ลพบุรี,Travel Lop Buri,EN,2026-01-01 2026-04-30,TH,2026-05-10T16:22:42.218115,2026-01-17,0
Lop Buri,ลพบุรี,Travel Lop Buri,EN,2026-01-01 2026-04-30,TH,2026-05-10T16:22:42.218115,2026-01-18,0
Lop Buri,ลพบุรี,Travel Lop Buri,EN,2026-01-01 2026-04-30,TH,2026-05-10T16:22:42.218115,2026-01-19,0
Lop Buri,ลพบุรี,Travel Lop Buri,EN,2026-01-01 2026-04-30,TH,2026-05-10T16:22:42.218115,2026-01-20,0
Lop Buri,ลพบุรี,Travel Lop Buri,EN,2026-01-01 2026-04-30,TH,2026-05-10T16:22:42.218115,2026-01-21,0
Lop Buri,ลพบุรี,Travel Lop Buri,EN,2026-01-01 2026-04-30,TH,2026-05-10T16:22:42.218115,2026-01-22,0
Lop Buri,ลพบุรี,Travel Lop Buri,EN,2026-01-01 2026-04-30,TH,2026-05-10T16:22:42.218115,2026-01-23,0
Lop Buri,ลพบุรี,Travel Lop Buri,EN,2026-01-01 2026-04-30,TH,2026-05-10T16:22:42.218115,2026-01-24,0
Lop Buri,ลพบุรี,Travel Lop Buri,EN,2026-01-01 2026-04-30,TH,2026-05-10T16:22:42.218115,2026-01-25,0
Lop Buri,ลพบุรี,Travel Lop Buri,EN,2026-01-01 2026-04-30,TH,2026-05-10T16:22:42.218115,2026-01-26,0
Lop Buri,ลพบุรี,Travel Lop Buri,EN,2026-01-01 2026-04-30,TH,2026-05-10T16:22:42.218115,2026-01-27,0
Lop Buri,ลพบุรี,Travel Lop Buri,EN,2026-01-01 2026-04-30,TH,2026-05-10T16:22:42.218115,2026-01-28,0
Lop Buri,ลพบุรี,Travel Lop Buri,EN,2026-01-01 2026-04-30,TH,2026-05-10T16:22:42.218115,2026-01-29,0
Lop Buri,ลพบุรี,Travel Lop Buri,EN,2026-01-01 2026-04-30,TH,2026-05-10T16:22:42.218115,2026-01-30,0
Lop Buri,ลพบุรี,Travel Lop Buri,EN,2026-01-01 2026-04-30,TH,2026-05-10T16:22:42.218115,2026-01-31,0
Lop Buri,ลพบุรี,Travel Lop Buri,EN,2026-01-01 2026-04-30,TH,2026-05-10T16:22:42.218115,2026-02-01,0
Lop Buri,ลพบุรี,Travel Lop Buri,EN,2026-01-01 2026-04-30,TH,2026-05-10T16:22:42.218115,2026-02-02,0
Lop Buri,ลพบุรี,Travel Lop Buri,EN,2026-01-01 2026-04-30,TH,2026-05-10T16:22:42.218115,2026-02-03,0
Lop Buri,ลพบุรี,Travel Lop Buri,EN,2026-01-01 2026-04-30,TH,2026-05-10T16:22:42.218115,2026-02-04,0
Lop Buri,ลพบุรี,Travel Lop Buri,EN,2026-01-01 2026-04-30,TH,2026-05-10T16:22:42.218115,2026-02-05,0
Lop Buri,ลพบุรี,Travel Lop Buri,EN,2026-01-01 2026-04-30,TH,2026-05-10T16:22:42.218115,2026-02-06,0
Lop Buri,ลพบุรี,Travel Lop Buri,EN,2026-01-01 2026-04-30,TH,2026-05-10T16:22:42.218115,2026-02-07,0
Lop Buri,ลพบุรี,Travel Lop Buri,EN,2026-01-01 2026-04-30,TH,2026-05-10T16:22:42.218115,2026-02-08,0
Lop Buri,ลพบุรี,Travel Lop Buri,EN,2026-01-01 2026-04-30,TH,2026-05-10T16:22:42.218115,2026-02-09,0
Lop Buri,ลพบุรี,Travel Lop Buri,EN,2026-01-01 2026-04-30,TH,2026-05-10T16:22:42.218115,2026-02-10,0
Lop Buri,ลพบุรี,Travel Lop Buri,EN,2026-01-01 2026-04-30,TH,2026-05-10T16:22:42.218115,2026-02-11,0
Lop Buri,ลพบุรี,Travel Lop Buri,EN,2026-01-01 2026-04-30,TH,2026-05-10T16:22:42.218115,2026-02-12,0
Lop Buri,ลพบุรี,Travel Lop Buri,EN,2026-01-01 2026-04-30,TH,2026-05-10T16:22:42.218115,2026-02-13,0
Lop Buri,ลพบุรี,Travel Lop Buri,EN,2026-01-01 2026-04-30,TH,2026-05-10T16:22:42.218115,2026-02-14,0
Lop Buri,ลพบุรี,Travel Lop Buri,EN,2026-01-01 2026-04-30,TH,2026-05-10T16:22:42.218115,2026-02-15,0
Lop Buri,ลพบุรี,Travel Lop Buri,EN,2026-01-01 2026-04-30,TH,2026-05-10T16:22:42.218115,2026-02-16,0
Lop Buri,ลพบุรี,Travel Lop Buri,EN,2026-01-01 2026-04-30,TH,2026-05-10T16:22:42.218115,2026-02-17,0
Lop Buri,ลพบุรี,Travel Lop Buri,EN,2026-01-01 2026-04-30,TH,2026-05-10T16:22:42.218115,2026-02-18,0
Lop Buri,ลพบุรี,Travel Lop Buri,EN,2026-01-01 2026-04-30,TH,2026-05-10T16:22:42.218115,2026-02-19,0
Lop Buri,ลพบุรี,Travel Lop Buri,EN,2026-01-01 2026-04-30,TH,2026-05-10T16:22:42.218115,2026-02-20,0
Lop Buri,ลพบุรี,Travel Lop Buri,EN,2026-01-01 2026-04-30,TH,2026-05-10T16:22:42.218115,2026-02-21,0
Lop Buri,ลพบุรี,Travel Lop Buri,EN,2026-01-01 2026-04-30,TH,2026-05-10T16:22:42.218115,2026-02-22,0
Lop Buri,ลพบุรี,Travel Lop Buri,EN,2026-01-01 2026-04-30,TH,2026-05-10T16:22:42.218115,2026-02-23,0
Lop Buri,ลพบุรี,Travel Lop Buri,EN,2026-01-01 2026-04-30,TH,2026-05-10T16:22:42.218115,2026-02-24,0
Lop Buri,ลพบุรี,Travel Lop Buri,EN,2026-01-01 2026-04-30,TH,2026-05-10T16:22:42.218115,2026-02-25,0
Lop Buri,ลพบุรี,Travel Lop Buri,EN,2026-01-01 2026-04-30,TH,2026-05-10T16:22:42.218115,2026-02-26,0
Lop Buri,ลพบุรี,Travel Lop Buri,EN,2026-01-01 2026-04-30,TH,2026-05-10T16:22:42.218115,2026-02-27,0
Lop Buri,ลพบุรี,Travel Lop Buri,EN,2026-01-01 2026-04-30,TH,2026-05-10T16:22:42.218115,2026-02-28,0
Lop Buri,ลพบุรี,Travel Lop Buri,EN,2026-01-01 2026-04-30,TH,2026-05-10T16:22:42.218115,2026-03-01,0
Lop Buri,ลพบุรี,Travel Lop Buri,EN,2026-01-01 2026-04-30,TH,2026-05-10T16:22:42.218115,2026-03-02,0
Lop Buri,ลพบุรี,Travel Lop Buri,EN,2026-01-01 2026-04-30,TH,2026-05-10T16:22:42.218115,2026-03-03,0
Lop Buri,ลพบุรี,Travel Lop Buri,EN,2026-01-01 2026-04-30,TH,2026-05-10T16:22:42.218115,2026-03-04,0
Lop Buri,ลพบุรี,Travel Lop Buri,EN,2026-01-01 2026-04-30,TH,2026-05-10T16:22:42.218115,2026-03-05,0
Lop Buri,ลพบุรี,Travel Lop Buri,EN,2026-01-01 2026-04-30,TH,2026-05-10T16:22:42.218115,2026-03-06,0
Lop Buri,ลพบุรี,Travel Lop Buri,EN,2026-01-01 2026-04-30,TH,2026-05-10T16:22:42.218115,2026-03-07,0
Lop Buri,ลพบุรี,Travel Lop Buri,EN,2026-01-01 2026-04-30,TH,2026-05-10T16:22:42.218115,2026-03-08,0
Lop Buri,ลพบุรี,Travel Lop Buri,EN,2026-01-01 2026-04-30,TH,2026-05-10T16:22:42.218115,2026-03-09,0
Lop Buri,ลพบุรี,Travel Lop Buri,EN,2026-01-01 2026-04-30,TH,2026-05-10T16:22:42.218115,2026-03-10,0
Lop Buri,ลพบุรี,Travel Lop Buri,EN,2026-01-01 2026-04-30,TH,2026-05-10T16:22:42.218115,2026-03-11,0
Lop Buri,ลพบุรี,Travel Lop Buri,EN,2026-01-01 2026-04-30,TH,2026-05-10T16:22:42.218115,2026-03-12,0
Lop Buri,ลพบุรี,Travel Lop Buri,EN,2026-01-01 2026-04-30,TH,2026-05-10T16:22:42.218115,2026-03-13,0
Lop Buri,ลพบุรี,Travel Lop Buri,EN,2026-01-01 2026-04-30,TH,2026-05-10T16:22:42.218115,2026-03-14,0
Lop Buri,ลพบุรี,Travel Lop Buri,EN,2026-01-01 2026-04-30,TH,2026-05-10T16:22:42.218115,2026-03-15,0
Lop Buri,ลพบุรี,Travel Lop Buri,EN,2026-01-01 2026-04-30,TH,2026-05-10T16:22:42.218115,2026-03-16,0
Lop Buri,ลพบุรี,Travel Lop Buri,EN,2026-01-01 2026-04-30,TH,2026-05-10T16:22:42.218115,2026-03-17,0
Lop Buri,ลพบุรี,Travel Lop Buri,EN,2026-01-01 2026-04-30,TH,2026-05-10T16:22:42.218115,2026-03-18,0
Lop Buri,ลพบุรี,Travel Lop Buri,EN,2026-01-01 2026-04-30,TH,2026-05-10T16:22:42.218115,2026-03-19,0
Lop Buri,ลพบุรี,Travel Lop Buri,EN,2026-01-01 2026-04-30,TH,2026-05-10T16:22:42.218115,2026-03-20,0
Lop Buri,ลพบุรี,Travel Lop Buri,EN,2026-01-01 2026-04-30,TH,2026-05-10T16:22:42.218115,2026-03-21,0
Lop Buri,ลพบุรี,Travel Lop Buri,EN,2026-01-01 2026-04-30,TH,2026-05-10T16:22:42.218115,2026-03-22,0
Lop Buri,ลพบุรี,Travel Lop Buri,EN,2026-01-01 2026-04-30,TH,2026-05-10T16:22:42.218115,2026-03-23,0
Lop Buri,ลพบุรี,Travel Lop Buri,EN,2026-01-01 2026-04-30,TH,2026-05-10T16:22:42.218115,2026-03-24,0
Lop Buri,ลพบุรี,Travel Lop Buri,EN,2026-01-01 2026-04-30,TH,2026-05-10T16:22:42.218115,2026-03-25,0
Lop Buri,ลพบุรี,Travel Lop Buri,EN,2026-01-01 2026-04-30,TH,2026-05-10T16:22:42.218115,2026-03-26,0
Lop Buri,ลพบุรี,Travel Lop Buri,EN,2026-01-01 2026-04-30,TH,2026-05-10T16:22:42.218115,2026-03-27,0
Lop Buri,ลพบุรี,Travel Lop Buri,EN,2026-01-01 2026-04-30,TH,2026-05-10T16:22:42.218115,2026-03-28,0
Lop Buri,ลพบุรี,Travel Lop Buri,EN,2026-01-01 2026-04-30,TH,2026-05-10T16:22:42.218115,2026-03-29,0
Lop Buri,ลพบุรี,Travel Lop Buri,EN,2026-01-01 2026-04-30,TH,2026-05-10T16:22:42.218115,2026-03-30,100
Lop Buri,ลพบุรี,Travel Lop Buri,EN,2026-01-01 2026-04-30,TH,2026-05-10T16:22:42.218115,2026-03-31,0
Lop Buri,ลพบุรี,Travel Lop Buri,EN,2026-01-01 2026-04-30,TH,2026-05-10T16:22:42.218115,2026-04-01,0
Lop Buri,ลพบุรี,Travel Lop Buri,EN,2026-01-01 2026-04-30,TH,2026-05-10T16:22:42.218115,2026-04-02,0
Lop Buri,ลพบุรี,Travel Lop Buri,EN,2026-01-01 2026-04-30,TH,2026-05-10T16:22:42.218115,2026-04-03,0
Lop Buri,ลพบุรี,Travel Lop Buri,EN,2026-01-01 2026-04-30,TH,2026-05-10T16:22:42.218115,2026-04-04,0
Lop Buri,ลพบุรี,Travel Lop Buri,EN,2026-01-01 2026-04-30,TH,2026-05-10T16:22:42.218115,2026-04-05,0
Lop Buri,ลพบุรี,Travel Lop Buri,EN,2026-01-01 2026-04-30,TH,2026-05-10T16:22:42.218115,2026-04-06,0
Lop Buri,ลพบุรี,Travel Lop Buri,EN,2026-01-01 2026-04-30,TH,2026-05-10T16:22:42.218115,2026-04-07,0
Lop Buri,ลพบุรี,Travel Lop Buri,EN,2026-01-01 2026-04-30,TH,2026-05-10T16:22:42.218115,2026-04-08,0
Lop Buri,ลพบุรี,Travel Lop Buri,EN,2026-01-01 2026-04-30,TH,2026-05-10T16:22:42.218115,2026-04-09,0
Lop Buri,ลพบุรี,Travel Lop Buri,EN,2026-01-01 2026-04-30,TH,2026-05-10T16:22:42.218115,2026-04-10,0
Lop Buri,ลพบุรี,Travel Lop Buri,EN,2026-01-01 2026-04-30,TH,2026-05-10T16:22:42.218115,2026-04-11,0
Lop Buri,ลพบุรี,Travel Lop Buri,EN,2026-01-01 2026-04-30,TH,2026-05-10T16:22:42.218115,2026-04-12,0
Lop Buri,ลพบุรี,Travel Lop Buri,EN,2026-01-01 2026-04-30,TH,2026-05-10T16:22:42.218115,2026-04-13,0
Lop Buri,ลพบุรี,Travel Lop Buri,EN,2026-01-01 2026-04-30,TH,2026-05-10T16:22:42.218115,2026-04-14,0
Lop Buri,ลพบุรี,Travel Lop Buri,EN,2026-01-01 2026-04-30,TH,2026-05-10T16:22:42.218115,2026-04-15,0
Lop Buri,ลพบุรี,Travel Lop Buri,EN,2026-01-01 2026-04-30,TH,2026-05-10T16:22:42.218115,2026-04-16,0
Lop Buri,ลพบุรี,Travel Lop Buri,EN,2026-01-01 2026-04-30,TH,2026-05-10T16:22:42.218115,2026-04-17,0
Lop Buri,ลพบุรี,Travel Lop Buri,EN,2026-01-01 2026-04-30,TH,2026-05-10T16:22:42.218115,2026-04-18,0
Lop Buri,ลพบุรี,Travel Lop Buri,EN,2026-01-01 2026-04-30,TH,2026-05-10T16:22:42.218115,2026-04-19,0
Lop Buri,ลพบุรี,Travel Lop Buri,EN,2026-01-01 2026-04-30,TH,2026-05-10T16:22:42.218115,2026-04-20,0
Lop Buri,ลพบุรี,Travel Lop Buri,EN,2026-01-01 2026-04-30,TH,2026-05-10T16:22:42.218115,2026-04-21,0
Lop Buri,ลพบุรี,Travel Lop Buri,EN,2026-01-01 2026-04-30,TH,2026-05-10T16:22:42.218115,2026-04-22,0
Lop Buri,ลพบุรี,Travel Lop Buri,EN,2026-01-01 2026-04-30,TH,2026-05-10T16:22:42.218115,2026-04-23,0
Lop Buri,ลพบุรี,Travel Lop Buri,EN,2026-01-01 2026-04-30,TH,2026-05-10T16:22:42.218115,2026-04-24,0
Lop Buri,ลพบุรี,Travel Lop Buri,EN,2026-01-01 2026-04-30,TH,2026-05-10T16:22:42.218115,2026-04-25,0
Lop Buri,ลพบุรี,Travel Lop Buri,EN,2026-01-01 2026-04-30,TH,2026-05-10T16:22:42.218115,2026-04-26,0
Lop Buri,ลพบุรี,Travel Lop Buri,EN,2026-01-01 2026-04-30,TH,2026-05-10T16:22:42.218115,2026-04-27,0
Lop Buri,ลพบุรี,Travel Lop Buri,EN,2026-01-01 2026-04-30,TH,2026-05-10T16:22:42.218115,2026-04-28,0
Lop Buri,ลพบุรี,Travel Lop Buri,EN,2026-01-01 2026-04-30,TH,2026-05-10T16:22:42.218115,2026-04-29,0
Lop Buri,ลพบุรี,Travel Lop Buri,EN,2026-01-01 2026-04-30,TH,2026-05-10T16:22:42.218115,2026-04-30,0
Lop Buri,ลพบุรี,เที่ยว ลพบุรี,TH,2026-01-01 2026-04-30,TH,2026-05-10T16:23:50.982279,2026-01-01,0
Lop Buri,ลพบุรี,เที่ยว ลพบุรี,TH,2026-01-01 2026-04-30,TH,2026-05-10T16:23:50.982279,2026-01-02,88
Lop Buri,ลพบุรี,เที่ยว ลพบุรี,TH,2026-01-01 2026-04-30,TH,2026-05-10T16:23:50.982279,2026-01-03,0
Lop Buri,ลพบุรี,เที่ยว ลพบุรี,TH,2026-01-01 2026-04-30,TH,2026-05-10T16:23:50.982279,2026-01-04,0
Lop Buri,ลพบุรี,เที่ยว ลพบุรี,TH,2026-01-01 2026-04-30,TH,2026-05-10T16:23:50.982279,2026-01-05,0
Lop Buri,ลพบุรี,เที่ยว ลพบุรี,TH,2026-01-01 2026-04-30,TH,2026-05-10T16:23:50.982279,2026-01-06,0
Lop Buri,ลพบุรี,เที่ยว ลพบุรี,TH,2026-01-01 2026-04-30,TH,2026-05-10T16:23:50.982279,2026-01-07,0
Lop Buri,ลพบุรี,เที่ยว ลพบุรี,TH,2026-01-01 2026-04-30,TH,2026-05-10T16:23:50.982279,2026-01-08,0
Lop Buri,ลพบุรี,เที่ยว ลพบุรี,TH,2026-01-01 2026-04-30,TH,2026-05-10T16:23:50.982279,2026-01-09,0
Lop Buri,ลพบุรี,เที่ยว ลพบุรี,TH,2026-01-01 2026-04-30,TH,2026-05-10T16:23:50.982279,2026-01-10,0
Lop Buri,ลพบุรี,เที่ยว ลพบุรี,TH,2026-01-01 2026-04-30,TH,2026-05-10T16:23:50.982279,2026-01-11,0
Lop Buri,ลพบุรี,เที่ยว ลพบุรี,TH,2026-01-01 2026-04-30,TH,2026-05-10T16:23:50.982279,2026-01-12,0
Lop Buri,ลพบุรี,เที่ยว ลพบุรี,TH,2026-01-01 2026-04-30,TH,2026-05-10T16:23:50.982279,2026-01-13,0
Lop Buri,ลพบุรี,เที่ยว ลพบุรี,TH,2026-01-01 2026-04-30,TH,2026-05-10T16:23:50.982279,2026-01-14,0
Lop Buri,ลพบุรี,เที่ยว ลพบุรี,TH,2026-01-01 2026-04-30,TH,2026-05-10T16:23:50.982279,2026-01-15,0
Lop Buri,ลพบุรี,เที่ยว ลพบุรี,TH,2026-01-01 2026-04-30,TH,2026-05-10T16:23:50.982279,2026-01-16,0
Lop Buri,ลพบุรี,เที่ยว ลพบุรี,TH,2026-01-01 2026-04-30,TH,2026-05-10T16:23:50.982279,2026-01-17,0
Lop Buri,ลพบุรี,เที่ยว ลพบุรี,TH,2026-01-01 2026-04-30,TH,2026-05-10T16:23:50.982279,2026-01-18,0
Lop Buri,ลพบุรี,เที่ยว ลพบุรี,TH,2026-01-01 2026-04-30,TH,2026-05-10T16:23:50.982279,2026-01-19,0
Lop Buri,ลพบุรี,เที่ยว ลพบุรี,TH,2026-01-01 2026-04-30,TH,2026-05-10T16:23:50.982279,2026-01-20,0
Lop Buri,ลพบุรี,เที่ยว ลพบุรี,TH,2026-01-01 2026-04-30,TH,2026-05-10T16:23:50.982279,2026-01-21,0
Lop Buri,ลพบุรี,เที่ยว ลพบุรี,TH,2026-01-01 2026-04-30,TH,2026-05-10T16:23:50.982279,2026-01-22,0
Lop Buri,ลพบุรี,เที่ยว ลพบุรี,TH,2026-01-01 2026-04-30,TH,2026-05-10T16:23:50.982279,2026-01-23,0
Lop Buri,ลพบุรี,เที่ยว ลพบุรี,TH,2026-01-01 2026-04-30,TH,2026-05-10T16:23:50.982279,2026-01-24,0
Lop Buri,ลพบุรี,เที่ยว ลพบุรี,TH,2026-01-01 2026-04-30,TH,2026-05-10T16:23:50.982279,2026-01-25,100
Lop Buri,ลพบุรี,เที่ยว ลพบุรี,TH,2026-01-01 2026-04-30,TH,2026-05-10T16:23:50.982279,2026-01-26,0
Lop Buri,ลพบุรี,เที่ยว ลพบุรี,TH,2026-01-01 2026-04-30,TH,2026-05-10T16:23:50.982279,2026-01-27,0
Lop Buri,ลพบุรี,เที่ยว ลพบุรี,TH,2026-01-01 2026-04-30,TH,2026-05-10T16:23:50.982279,2026-01-28,0
Lop Buri,ลพบุรี,เที่ยว ลพบุรี,TH,2026-01-01 2026-04-30,TH,2026-05-10T16:23:50.982279,2026-01-29,0
Lop Buri,ลพบุรี,เที่ยว ลพบุรี,TH,2026-01-01 2026-04-30,TH,2026-05-10T16:23:50.982279,2026-01-30,0
Lop Buri,ลพบุรี,เที่ยว ลพบุรี,TH,2026-01-01 2026-04-30,TH,2026-05-10T16:23:50.982279,2026-01-31,0
Lop Buri,ลพบุรี,เที่ยว ลพบุรี,TH,2026-01-01 2026-04-30,TH,2026-05-10T16:23:50.982279,2026-02-01,0
Lop Buri,ลพบุรี,เที่ยว ลพบุรี,TH,2026-01-01 2026-04-30,TH,2026-05-10T16:23:50.982279,2026-02-02,0
Lop Buri,ลพบุรี,เที่ยว ลพบุรี,TH,2026-01-01 2026-04-30,TH,2026-05-10T16:23:50.982279,2026-02-03,0
Lop Buri,ลพบุรี,เที่ยว ลพบุรี,TH,2026-01-01 2026-04-30,TH,2026-05-10T16:23:50.982279,2026-02-04,0
Lop Buri,ลพบุรี,เที่ยว ลพบุรี,TH,2026-01-01 2026-04-30,TH,2026-05-10T16:23:50.982279,2026-02-05,0
Lop Buri,ลพบุรี,เที่ยว ลพบุรี,TH,2026-01-01 2026-04-30,TH,2026-05-10T16:23:50.982279,2026-02-06,0
Lop Buri,ลพบุรี,เที่ยว ลพบุรี,TH,2026-01-01 2026-04-30,TH,2026-05-10T16:23:50.982279,2026-02-07,0
Lop Buri,ลพบุรี,เที่ยว ลพบุรี,TH,2026-01-01 2026-04-30,TH,2026-05-10T16:23:50.982279,2026-02-08,0
Lop Buri,ลพบุรี,เที่ยว ลพบุรี,TH,2026-01-01 2026-04-30,TH,2026-05-10T16:23:50.982279,2026-02-09,0
Lop Buri,ลพบุรี,เที่ยว ลพบุรี,TH,2026-01-01 2026-04-30,TH,2026-05-10T16:23:50.982279,2026-02-10,0
Lop Buri,ลพบุรี,เที่ยว ลพบุรี,TH,2026-01-01 2026-04-30,TH,2026-05-10T16:23:50.982279,2026-02-11,0
Lop Buri,ลพบุรี,เที่ยว ลพบุรี,TH,2026-01-01 2026-04-30,TH,2026-05-10T16:23:50.982279,2026-02-12,0
Lop Buri,ลพบุรี,เที่ยว ลพบุรี,TH,2026-01-01 2026-04-30,TH,2026-05-10T16:23:50.982279,2026-02-13,0
Lop Buri,ลพบุรี,เที่ยว ลพบุรี,TH,2026-01-01 2026-04-30,TH,2026-05-10T16:23:50.982279,2026-02-14,0
Lop Buri,ลพบุรี,เที่ยว ลพบุรี,TH,2026-01-01 2026-04-30,TH,2026-05-10T16:23:50.982279,2026-02-15,0
Lop Buri,ลพบุรี,เที่ยว ลพบุรี,TH,2026-01-01 2026-04-30,TH,2026-05-10T16:23:50.982279,2026-02-16,0
Lop Buri,ลพบุรี,เที่ยว ลพบุรี,TH,2026-01-01 2026-04-30,TH,2026-05-10T16:23:50.982279,2026-02-17,0
Lop Buri,ลพบุรี,เที่ยว ลพบุรี,TH,2026-01-01 2026-04-30,TH,2026-05-10T16:23:50.982279,2026-02-18,0
Lop Buri,ลพบุรี,เที่ยว ลพบุรี,TH,2026-01-01 2026-04-30,TH,2026-05-10T16:23:50.982279,2026-02-19,0
Lop Buri,ลพบุรี,เที่ยว ลพบุรี,TH,2026-01-01 2026-04-30,TH,2026-05-10T16:23:50.982279,2026-02-20,0
Lop Buri,ลพบุรี,เที่ยว ลพบุรี,TH,2026-01-01 2026-04-30,TH,2026-05-10T16:23:50.982279,2026-02-21,0
Lop Buri,ลพบุรี,เที่ยว ลพบุรี,TH,2026-01-01 2026-04-30,TH,2026-05-10T16:23:50.982279,2026-02-22,0
Lop Buri,ลพบุรี,เที่ยว ลพบุรี,TH,2026-01-01 2026-04-30,TH,2026-05-10T16:23:50.982279,2026-02-23,0
Lop Buri,ลพบุรี,เที่ยว ลพบุรี,TH,2026-01-01 2026-04-30,TH,2026-05-10T16:23:50.982279,2026-02-24,0
Lop Buri,ลพบุรี,เที่ยว ลพบุรี,TH,2026-01-01 2026-04-30,TH,2026-05-10T16:23:50.982279,2026-02-25,0
Lop Buri,ลพบุรี,เที่ยว ลพบุรี,TH,2026-01-01 2026-04-30,TH,2026-05-10T16:23:50.982279,2026-02-26,0
Lop Buri,ลพบุรี,เที่ยว ลพบุรี,TH,2026-01-01 2026-04-30,TH,2026-05-10T16:23:50.982279,2026-02-27,0
Lop Buri,ลพบุรี,เที่ยว ลพบุรี,TH,2026-01-01 2026-04-30,TH,2026-05-10T16:23:50.982279,2026-02-28,0
Lop Buri,ลพบุรี,เที่ยว ลพบุรี,TH,2026-01-01 2026-04-30,TH,2026-05-10T16:23:50.982279,2026-03-01,0
Lop Buri,ลพบุรี,เที่ยว ลพบุรี,TH,2026-01-01 2026-04-30,TH,2026-05-10T16:23:50.982279,2026-03-02,0
Lop Buri,ลพบุรี,เที่ยว ลพบุรี,TH,2026-01-01 2026-04-30,TH,2026-05-10T16:23:50.982279,2026-03-03,0
Lop Buri,ลพบุรี,เที่ยว ลพบุรี,TH,2026-01-01 2026-04-30,TH,2026-05-10T16:23:50.982279,2026-03-04,0
Lop Buri,ลพบุรี,เที่ยว ลพบุรี,TH,2026-01-01 2026-04-30,TH,2026-05-10T16:23:50.982279,2026-03-05,0
Lop Buri,ลพบุรี,เที่ยว ลพบุรี,TH,2026-01-01 2026-04-30,TH,2026-05-10T16:23:50.982279,2026-03-06,0
Lop Buri,ลพบุรี,เที่ยว ลพบุรี,TH,2026-01-01 2026-04-30,TH,2026-05-10T16:23:50.982279,2026-03-07,0
Lop Buri,ลพบุรี,เที่ยว ลพบุรี,TH,2026-01-01 2026-04-30,TH,2026-05-10T16:23:50.982279,2026-03-08,0
Lop Buri,ลพบุรี,เที่ยว ลพบุรี,TH,2026-01-01 2026-04-30,TH,2026-05-10T16:23:50.982279,2026-03-09,0
Lop Buri,ลพบุรี,เที่ยว ลพบุรี,TH,2026-01-01 2026-04-30,TH,2026-05-10T16:23:50.982279,2026-03-10,0
Lop Buri,ลพบุรี,เที่ยว ลพบุรี,TH,2026-01-01 2026-04-30,TH,2026-05-10T16:23:50.982279,2026-03-11,0
Lop Buri,ลพบุรี,เที่ยว ลพบุรี,TH,2026-01-01 2026-04-30,TH,2026-05-10T16:23:50.982279,2026-03-12,0
Lop Buri,ลพบุรี,เที่ยว ลพบุรี,TH,2026-01-01 2026-04-30,TH,2026-05-10T16:23:50.982279,2026-03-13,0
Lop Buri,ลพบุรี,เที่ยว ลพบุรี,TH,2026-01-01 2026-04-30,TH,2026-05-10T16:23:50.982279,2026-03-14,0
Lop Buri,ลพบุรี,เที่ยว ลพบุรี,TH,2026-01-01 2026-04-30,TH,2026-05-10T16:23:50.982279,2026-03-15,0
Lop Buri,ลพบุรี,เที่ยว ลพบุรี,TH,2026-01-01 2026-04-30,TH,2026-05-10T16:23:50.982279,2026-03-16,0
Lop Buri,ลพบุรี,เที่ยว ลพบุรี,TH,2026-01-01 2026-04-30,TH,2026-05-10T16:23:50.982279,2026-03-17,0
Lop Buri,ลพบุรี,เที่ยว ลพบุรี,TH,2026-01-01 2026-04-30,TH,2026-05-10T16:23:50.982279,2026-03-18,0
Lop Buri,ลพบุรี,เที่ยว ลพบุรี,TH,2026-01-01 2026-04-30,TH,2026-05-10T16:23:50.982279,2026-03-19,0
Lop Buri,ลพบุรี,เที่ยว ลพบุรี,TH,2026-01-01 2026-04-30,TH,2026-05-10T16:23:50.982279,2026-03-20,0
Lop Buri,ลพบุรี,เที่ยว ลพบุรี,TH,2026-01-01 2026-04-30,TH,2026-05-10T16:23:50.982279,2026-03-21,0
Lop Buri,ลพบุรี,เที่ยว ลพบุรี,TH,2026-01-01 2026-04-30,TH,2026-05-10T16:23:50.982279,2026-03-22,0
Lop Buri,ลพบุรี,เที่ยว ลพบุรี,TH,2026-01-01 2026-04-30,TH,2026-05-10T16:23:50.982279,2026-03-23,0
Lop Buri,ลพบุรี,เที่ยว ลพบุรี,TH,2026-01-01 2026-04-30,TH,2026-05-10T16:23:50.982279,2026-03-24,0
Lop Buri,ลพบุรี,เที่ยว ลพบุรี,TH,2026-01-01 2026-04-30,TH,2026-05-10T16:23:50.982279,2026-03-25,0
Lop Buri,ลพบุรี,เที่ยว ลพบุรี,TH,2026-01-01 2026-04-30,TH,2026-05-10T16:23:50.982279,2026-03-26,0
Lop Buri,ลพบุรี,เที่ยว ลพบุรี,TH,2026-01-01 2026-04-30,TH,2026-05-10T16:23:50.982279,2026-03-27,0
Lop Buri,ลพบุรี,เที่ยว ลพบุรี,TH,2026-01-01 2026-04-30,TH,2026-05-10T16:23:50.982279,2026-03-28,0
Lop Buri,ลพบุรี,เที่ยว ลพบุรี,TH,2026-01-01 2026-04-30,TH,2026-05-10T16:23:50.982279,2026-03-29,0
Lop Buri,ลพบุรี,เที่ยว ลพบุรี,TH,2026-01-01 2026-04-30,TH,2026-05-10T16:23:50.982279,2026-03-30,0
Lop Buri,ลพบุรี,เที่ยว ลพบุรี,TH,2026-01-01 2026-04-30,TH,2026-05-10T16:23:50.982279,2026-03-31,0
Lop Buri,ลพบุรี,เที่ยว ลพบุรี,TH,2026-01-01 2026-04-30,TH,2026-05-10T16:23:50.982279,2026-04-01,0
Lop Buri,ลพบุรี,เที่ยว ลพบุรี,TH,2026-01-01 2026-04-30,TH,2026-05-10T16:23:50.982279,2026-04-02,0
Lop Buri,ลพบุรี,เที่ยว ลพบุรี,TH,2026-01-01 2026-04-30,TH,2026-05-10T16:23:50.982279,2026-04-03,0
Lop Buri,ลพบุรี,เที่ยว ลพบุรี,TH,2026-01-01 2026-04-30,TH,2026-05-10T16:23:50.982279,2026-04-04,0
Lop Buri,ลพบุรี,เที่ยว ลพบุรี,TH,2026-01-01 2026-04-30,TH,2026-05-10T16:23:50.982279,2026-04-05,0
Lop Buri,ลพบุรี,เที่ยว ลพบุรี,TH,2026-01-01 2026-04-30,TH,2026-05-10T16:23:50.982279,2026-04-06,0
Lop Buri,ลพบุรี,เที่ยว ลพบุรี,TH,2026-01-01 2026-04-30,TH,2026-05-10T16:23:50.982279,2026-04-07,0
Lop Buri,ลพบุรี,เที่ยว ลพบุรี,TH,2026-01-01 2026-04-30,TH,2026-05-10T16:23:50.982279,2026-04-08,0
Lop Buri,ลพบุรี,เที่ยว ลพบุรี,TH,2026-01-01 2026-04-30,TH,2026-05-10T16:23:50.982279,2026-04-09,0
Lop Buri,ลพบุรี,เที่ยว ลพบุรี,TH,2026-01-01 2026-04-30,TH,2026-05-10T16:23:50.982279,2026-04-10,0
Lop Buri,ลพบุรี,เที่ยว ลพบุรี,TH,2026-01-01 2026-04-30,TH,2026-05-10T16:23:50.982279,2026-04-11,0
Lop Buri,ลพบุรี,เที่ยว ลพบุรี,TH,2026-01-01 2026-04-30,TH,2026-05-10T16:23:50.982279,2026-04-12,0
Lop Buri,ลพบุรี,เที่ยว ลพบุรี,TH,2026-01-01 2026-04-30,TH,2026-05-10T16:23:50.982279,2026-04-13,0
Lop Buri,ลพบุรี,เที่ยว ลพบุรี,TH,2026-01-01 2026-04-30,TH,2026-05-10T16:23:50.982279,2026-04-14,0
Lop Buri,ลพบุรี,เที่ยว ลพบุรี,TH,2026-01-01 2026-04-30,TH,2026-05-10T16:23:50.982279,2026-04-15,0
Lop Buri,ลพบุรี,เที่ยว ลพบุรี,TH,2026-01-01 2026-04-30,TH,2026-05-10T16:23:50.982279,2026-04-16,0
Lop Buri,ลพบุรี,เที่ยว ลพบุรี,TH,2026-01-01 2026-04-30,TH,2026-05-10T16:23:50.982279,2026-04-17,0
Lop Buri,ลพบุรี,เที่ยว ลพบุรี,TH,2026-01-01 2026-04-30,TH,2026-05-10T16:23:50.982279,2026-04-18,0
Lop Buri,ลพบุรี,เที่ยว ลพบุรี,TH,2026-01-01 2026-04-30,TH,2026-05-10T16:23:50.982279,2026-04-19,0
Lop Buri,ลพบุรี,เที่ยว ลพบุรี,TH,2026-01-01 2026-04-30,TH,2026-05-10T16:23:50.982279,2026-04-20,0
Lop Buri,ลพบุรี,เที่ยว ลพบุรี,TH,2026-01-01 2026-04-30,TH,2026-05-10T16:23:50.982279,2026-04-21,0
Lop Buri,ลพบุรี,เที่ยว ลพบุรี,TH,2026-01-01 2026-04-30,TH,2026-05-10T16:23:50.982279,2026-04-22,0
Lop Buri,ลพบุรี,เที่ยว ลพบุรี,TH,2026-01-01 2026-04-30,TH,2026-05-10T16:23:50.982279,2026-04-23,0
Lop Buri,ลพบุรี,เที่ยว ลพบุรี,TH,2026-01-01 2026-04-30,TH,2026-05-10T16:23:50.982279,2026-04-24,0
Lop Buri,ลพบุรี,เที่ยว ลพบุรี,TH,2026-01-01 2026-04-30,TH,2026-05-10T16:23:50.982279,2026-04-25,0
Lop Buri,ลพบุรี,เที่ยว ลพบุรี,TH,2026-01-01 2026-04-30,TH,2026-05-10T16:23:50.982279,2026-04-26,27
Lop Buri,ลพบุรี,เที่ยว ลพบุรี,TH,2026-01-01 2026-04-30,TH,2026-05-10T16:23:50.982279,2026-04-27,22
Lop Buri,ลพบุรี,เที่ยว ลพบุรี,TH,2026-01-01 2026-04-30,TH,2026-05-10T16:23:50.982279,2026-04-28,19
Lop Buri,ลพบุรี,เที่ยว ลพบุรี,TH,2026-01-01 2026-04-30,TH,2026-05-10T16:23:50.982279,2026-04-29,23
Lop Buri,ลพบุรี,เที่ยว ลพบุรี,TH,2026-01-01 2026-04-30,TH,2026-05-10T16:23:50.982279,2026-04-30,29
Sing Buri,สิงห์บุรี,เที่ยว สิงห์บุรี,TH,2026-01-01 2026-04-30,TH,2026-05-10T16:25:58.198168,2026-01-01,0
Sing Buri,สิงห์บุรี,เที่ยว สิงห์บุรี,TH,2026-01-01 2026-04-30,TH,2026-05-10T16:25:58.198168,2026-01-02,0
Sing Buri,สิงห์บุรี,เที่ยว สิงห์บุรี,TH,2026-01-01 2026-04-30,TH,2026-05-10T16:25:58.198168,2026-01-03,0
Sing Buri,สิงห์บุรี,เที่ยว สิงห์บุรี,TH,2026-01-01 2026-04-30,TH,2026-05-10T16:25:58.198168,2026-01-04,0
Sing Buri,สิงห์บุรี,เที่ยว สิงห์บุรี,TH,2026-01-01 2026-04-30,TH,2026-05-10T16:25:58.198168,2026-01-05,0
Sing Buri,สิงห์บุรี,เที่ยว สิงห์บุรี,TH,2026-01-01 2026-04-30,TH,2026-05-10T16:25:58.198168,2026-01-06,0
Sing Buri,สิงห์บุรี,เที่ยว สิงห์บุรี,TH,2026-01-01 2026-04-30,TH,2026-05-10T16:25:58.198168,2026-01-07,0
Sing Buri,สิงห์บุรี,เที่ยว สิงห์บุรี,TH,2026-01-01 2026-04-30,TH,2026-05-10T16:25:58.198168,2026-01-08,0
Sing Buri,สิงห์บุรี,เที่ยว สิงห์บุรี,TH,2026-01-01 2026-04-30,TH,2026-05-10T16:25:58.198168,2026-01-09,0
Sing Buri,สิงห์บุรี,เที่ยว สิงห์บุรี,TH,2026-01-01 2026-04-30,TH,2026-05-10T16:25:58.198168,2026-01-10,0
Sing Buri,สิงห์บุรี,เที่ยว สิงห์บุรี,TH,2026-01-01 2026-04-30,TH,2026-05-10T16:25:58.198168,2026-01-11,0
Sing Buri,สิงห์บุรี,เที่ยว สิงห์บุรี,TH,2026-01-01 2026-04-30,TH,2026-05-10T16:25:58.198168,2026-01-12,0
Sing Buri,สิงห์บุรี,เที่ยว สิงห์บุรี,TH,2026-01-01 2026-04-30,TH,2026-05-10T16:25:58.198168,2026-01-13,0
Sing Buri,สิงห์บุรี,เที่ยว สิงห์บุรี,TH,2026-01-01 2026-04-30,TH,2026-05-10T16:25:58.198168,2026-01-14,0
Sing Buri,สิงห์บุรี,เที่ยว สิงห์บุรี,TH,2026-01-01 2026-04-30,TH,2026-05-10T16:25:58.198168,2026-01-15,0
Sing Buri,สิงห์บุรี,เที่ยว สิงห์บุรี,TH,2026-01-01 2026-04-30,TH,2026-05-10T16:25:58.198168,2026-01-16,0
Sing Buri,สิงห์บุรี,เที่ยว สิงห์บุรี,TH,2026-01-01 2026-04-30,TH,2026-05-10T16:25:58.198168,2026-01-17,0
Sing Buri,สิงห์บุรี,เที่ยว สิงห์บุรี,TH,2026-01-01 2026-04-30,TH,2026-05-10T16:25:58.198168,2026-01-18,0
Sing Buri,สิงห์บุรี,เที่ยว สิงห์บุรี,TH,2026-01-01 2026-04-30,TH,2026-05-10T16:25:58.198168,2026-01-19,0
Sing Buri,สิงห์บุรี,เที่ยว สิงห์บุรี,TH,2026-01-01 2026-04-30,TH,2026-05-10T16:25:58.198168,2026-01-20,0
Sing Buri,สิงห์บุรี,เที่ยว สิงห์บุรี,TH,2026-01-01 2026-04-30,TH,2026-05-10T16:25:58.198168,2026-01-21,0
Sing Buri,สิงห์บุรี,เที่ยว สิงห์บุรี,TH,2026-01-01 2026-04-30,TH,2026-05-10T16:25:58.198168,2026-01-22,0
Sing Buri,สิงห์บุรี,เที่ยว สิงห์บุรี,TH,2026-01-01 2026-04-30,TH,2026-05-10T16:25:58.198168,2026-01-23,0
Sing Buri,สิงห์บุรี,เที่ยว สิงห์บุรี,TH,2026-01-01 2026-04-30,TH,2026-05-10T16:25:58.198168,2026-01-24,0
Sing Buri,สิงห์บุรี,เที่ยว สิงห์บุรี,TH,2026-01-01 2026-04-30,TH,2026-05-10T16:25:58.198168,2026-01-25,0
Sing Buri,สิงห์บุรี,เที่ยว สิงห์บุรี,TH,2026-01-01 2026-04-30,TH,2026-05-10T16:25:58.198168,2026-01-26,0
Sing Buri,สิงห์บุรี,เที่ยว สิงห์บุรี,TH,2026-01-01 2026-04-30,TH,2026-05-10T16:25:58.198168,2026-01-27,0
Sing Buri,สิงห์บุรี,เที่ยว สิงห์บุรี,TH,2026-01-01 2026-04-30,TH,2026-05-10T16:25:58.198168,2026-01-28,0
Sing Buri,สิงห์บุรี,เที่ยว สิงห์บุรี,TH,2026-01-01 2026-04-30,TH,2026-05-10T16:25:58.198168,2026-01-29,0
Sing Buri,สิงห์บุรี,เที่ยว สิงห์บุรี,TH,2026-01-01 2026-04-30,TH,2026-05-10T16:25:58.198168,2026-01-30,0
Sing Buri,สิงห์บุรี,เที่ยว สิงห์บุรี,TH,2026-01-01 2026-04-30,TH,2026-05-10T16:25:58.198168,2026-01-31,0
Sing Buri,สิงห์บุรี,เที่ยว สิงห์บุรี,TH,2026-01-01 2026-04-30,TH,2026-05-10T16:25:58.198168,2026-02-01,0
Sing Buri,สิงห์บุรี,เที่ยว สิงห์บุรี,TH,2026-01-01 2026-04-30,TH,2026-05-10T16:25:58.198168,2026-02-02,0
Sing Buri,สิงห์บุรี,เที่ยว สิงห์บุรี,TH,2026-01-01 2026-04-30,TH,2026-05-10T16:25:58.198168,2026-02-03,0
Sing Buri,สิงห์บุรี,เที่ยว สิงห์บุรี,TH,2026-01-01 2026-04-30,TH,2026-05-10T16:25:58.198168,2026-02-04,0
Sing Buri,สิงห์บุรี,เที่ยว สิงห์บุรี,TH,2026-01-01 2026-04-30,TH,2026-05-10T16:25:58.198168,2026-02-05,0
Sing Buri,สิงห์บุรี,เที่ยว สิงห์บุรี,TH,2026-01-01 2026-04-30,TH,2026-05-10T16:25:58.198168,2026-02-06,0
Sing Buri,สิงห์บุรี,เที่ยว สิงห์บุรี,TH,2026-01-01 2026-04-30,TH,2026-05-10T16:25:58.198168,2026-02-07,0
Sing Buri,สิงห์บุรี,เที่ยว สิงห์บุรี,TH,2026-01-01 2026-04-30,TH,2026-05-10T16:25:58.198168,2026-02-08,0
Sing Buri,สิงห์บุรี,เที่ยว สิงห์บุรี,TH,2026-01-01 2026-04-30,TH,2026-05-10T16:25:58.198168,2026-02-09,0
Sing Buri,สิงห์บุรี,เที่ยว สิงห์บุรี,TH,2026-01-01 2026-04-30,TH,2026-05-10T16:25:58.198168,2026-02-10,0
Sing Buri,สิงห์บุรี,เที่ยว สิงห์บุรี,TH,2026-01-01 2026-04-30,TH,2026-05-10T16:25:58.198168,2026-02-11,0
Sing Buri,สิงห์บุรี,เที่ยว สิงห์บุรี,TH,2026-01-01 2026-04-30,TH,2026-05-10T16:25:58.198168,2026-02-12,0
Sing Buri,สิงห์บุรี,เที่ยว สิงห์บุรี,TH,2026-01-01 2026-04-30,TH,2026-05-10T16:25:58.198168,2026-02-13,0
Sing Buri,สิงห์บุรี,เที่ยว สิงห์บุรี,TH,2026-01-01 2026-04-30,TH,2026-05-10T16:25:58.198168,2026-02-14,0
Sing Buri,สิงห์บุรี,เที่ยว สิงห์บุรี,TH,2026-01-01 2026-04-30,TH,2026-05-10T16:25:58.198168,2026-02-15,0
Sing Buri,สิงห์บุรี,เที่ยว สิงห์บุรี,TH,2026-01-01 2026-04-30,TH,2026-05-10T16:25:58.198168,2026-02-16,0
Sing Buri,สิงห์บุรี,เที่ยว สิงห์บุรี,TH,2026-01-01 2026-04-30,TH,2026-05-10T16:25:58.198168,2026-02-17,0
Sing Buri,สิงห์บุรี,เที่ยว สิงห์บุรี,TH,2026-01-01 2026-04-30,TH,2026-05-10T16:25:58.198168,2026-02-18,0
Sing Buri,สิงห์บุรี,เที่ยว สิงห์บุรี,TH,2026-01-01 2026-04-30,TH,2026-05-10T16:25:58.198168,2026-02-19,0
Sing Buri,สิงห์บุรี,เที่ยว สิงห์บุรี,TH,2026-01-01 2026-04-30,TH,2026-05-10T16:25:58.198168,2026-02-20,0
Sing Buri,สิงห์บุรี,เที่ยว สิงห์บุรี,TH,2026-01-01 2026-04-30,TH,2026-05-10T16:25:58.198168,2026-02-21,0
Sing Buri,สิงห์บุรี,เที่ยว สิงห์บุรี,TH,2026-01-01 2026-04-30,TH,2026-05-10T16:25:58.198168,2026-02-22,0
Sing Buri,สิงห์บุรี,เที่ยว สิงห์บุรี,TH,2026-01-01 2026-04-30,TH,2026-05-10T16:25:58.198168,2026-02-23,0
Sing Buri,สิงห์บุรี,เที่ยว สิงห์บุรี,TH,2026-01-01 2026-04-30,TH,2026-05-10T16:25:58.198168,2026-02-24,0
Sing Buri,สิงห์บุรี,เที่ยว สิงห์บุรี,TH,2026-01-01 2026-04-30,TH,2026-05-10T16:25:58.198168,2026-02-25,0
Sing Buri,สิงห์บุรี,เที่ยว สิงห์บุรี,TH,2026-01-01 2026-04-30,TH,2026-05-10T16:25:58.198168,2026-02-26,0
Sing Buri,สิงห์บุรี,เที่ยว สิงห์บุรี,TH,2026-01-01 2026-04-30,TH,2026-05-10T16:25:58.198168,2026-02-27,0
Sing Buri,สิงห์บุรี,เที่ยว สิงห์บุรี,TH,2026-01-01 2026-04-30,TH,2026-05-10T16:25:58.198168,2026-02-28,0
Sing Buri,สิงห์บุรี,เที่ยว สิงห์บุรี,TH,2026-01-01 2026-04-30,TH,2026-05-10T16:25:58.198168,2026-03-01,0
Sing Buri,สิงห์บุรี,เที่ยว สิงห์บุรี,TH,2026-01-01 2026-04-30,TH,2026-05-10T16:25:58.198168,2026-03-02,0
Sing Buri,สิงห์บุรี,เที่ยว สิงห์บุรี,TH,2026-01-01 2026-04-30,TH,2026-05-10T16:25:58.198168,2026-03-03,0
Sing Buri,สิงห์บุรี,เที่ยว สิงห์บุรี,TH,2026-01-01 2026-04-30,TH,2026-05-10T16:25:58.198168,2026-03-04,0
Sing Buri,สิงห์บุรี,เที่ยว สิงห์บุรี,TH,2026-01-01 2026-04-30,TH,2026-05-10T16:25:58.198168,2026-03-05,0
Sing Buri,สิงห์บุรี,เที่ยว สิงห์บุรี,TH,2026-01-01 2026-04-30,TH,2026-05-10T16:25:58.198168,2026-03-06,0
Sing Buri,สิงห์บุรี,เที่ยว สิงห์บุรี,TH,2026-01-01 2026-04-30,TH,2026-05-10T16:25:58.198168,2026-03-07,0
Sing Buri,สิงห์บุรี,เที่ยว สิงห์บุรี,TH,2026-01-01 2026-04-30,TH,2026-05-10T16:25:58.198168,2026-03-08,0
Sing Buri,สิงห์บุรี,เที่ยว สิงห์บุรี,TH,2026-01-01 2026-04-30,TH,2026-05-10T16:25:58.198168,2026-03-09,0
Sing Buri,สิงห์บุรี,เที่ยว สิงห์บุรี,TH,2026-01-01 2026-04-30,TH,2026-05-10T16:25:58.198168,2026-03-10,0
Sing Buri,สิงห์บุรี,เที่ยว สิงห์บุรี,TH,2026-01-01 2026-04-30,TH,2026-05-10T16:25:58.198168,2026-03-11,0
Sing Buri,สิงห์บุรี,เที่ยว สิงห์บุรี,TH,2026-01-01 2026-04-30,TH,2026-05-10T16:25:58.198168,2026-03-12,0
Sing Buri,สิงห์บุรี,เที่ยว สิงห์บุรี,TH,2026-01-01 2026-04-30,TH,2026-05-10T16:25:58.198168,2026-03-13,0
Sing Buri,สิงห์บุรี,เที่ยว สิงห์บุรี,TH,2026-01-01 2026-04-30,TH,2026-05-10T16:25:58.198168,2026-03-14,0
Sing Buri,สิงห์บุรี,เที่ยว สิงห์บุรี,TH,2026-01-01 2026-04-30,TH,2026-05-10T16:25:58.198168,2026-03-15,0
Sing Buri,สิงห์บุรี,เที่ยว สิงห์บุรี,TH,2026-01-01 2026-04-30,TH,2026-05-10T16:25:58.198168,2026-03-16,0
Sing Buri,สิงห์บุรี,เที่ยว สิงห์บุรี,TH,2026-01-01 2026-04-30,TH,2026-05-10T16:25:58.198168,2026-03-17,0
Sing Buri,สิงห์บุรี,เที่ยว สิงห์บุรี,TH,2026-01-01 2026-04-30,TH,2026-05-10T16:25:58.198168,2026-03-18,0
Sing Buri,สิงห์บุรี,เที่ยว สิงห์บุรี,TH,2026-01-01 2026-04-30,TH,2026-05-10T16:25:58.198168,2026-03-19,0
Sing Buri,สิงห์บุรี,เที่ยว สิงห์บุรี,TH,2026-01-01 2026-04-30,TH,2026-05-10T16:25:58.198168,2026-03-20,0
Sing Buri,สิงห์บุรี,เที่ยว สิงห์บุรี,TH,2026-01-01 2026-04-30,TH,2026-05-10T16:25:58.198168,2026-03-21,0
Sing Buri,สิงห์บุรี,เที่ยว สิงห์บุรี,TH,2026-01-01 2026-04-30,TH,2026-05-10T16:25:58.198168,2026-03-22,0
Sing Buri,สิงห์บุรี,เที่ยว สิงห์บุรี,TH,2026-01-01 2026-04-30,TH,2026-05-10T16:25:58.198168,2026-03-23,0
Sing Buri,สิงห์บุรี,เที่ยว สิงห์บุรี,TH,2026-01-01 2026-04-30,TH,2026-05-10T16:25:58.198168,2026-03-24,0
Sing Buri,สิงห์บุรี,เที่ยว สิงห์บุรี,TH,2026-01-01 2026-04-30,TH,2026-05-10T16:25:58.198168,2026-03-25,0
Sing Buri,สิงห์บุรี,เที่ยว สิงห์บุรี,TH,2026-01-01 2026-04-30,TH,2026-05-10T16:25:58.198168,2026-03-26,0
Sing Buri,สิงห์บุรี,เที่ยว สิงห์บุรี,TH,2026-01-01 2026-04-30,TH,2026-05-10T16:25:58.198168,2026-03-27,0
Sing Buri,สิงห์บุรี,เที่ยว สิงห์บุรี,TH,2026-01-01 2026-04-30,TH,2026-05-10T16:25:58.198168,2026-03-28,0
Sing Buri,สิงห์บุรี,เที่ยว สิงห์บุรี,TH,2026-01-01 2026-04-30,TH,2026-05-10T16:25:58.198168,2026-03-29,0
Sing Buri,สิงห์บุรี,เที่ยว สิงห์บุรี,TH,2026-01-01 2026-04-30,TH,2026-05-10T16:25:58.198168,2026-03-30,0
Sing Buri,สิงห์บุรี,เที่ยว สิงห์บุรี,TH,2026-01-01 2026-04-30,TH,2026-05-10T16:25:58.198168,2026-03-31,0
Sing Buri,สิงห์บุรี,เที่ยว สิงห์บุรี,TH,2026-01-01 2026-04-30,TH,2026-05-10T16:25:58.198168,2026-04-01,0
Sing Buri,สิงห์บุรี,เที่ยว สิงห์บุรี,TH,2026-01-01 2026-04-30,TH,2026-05-10T16:25:58.198168,2026-04-02,0
Sing Buri,สิงห์บุรี,เที่ยว สิงห์บุรี,TH,2026-01-01 2026-04-30,TH,2026-05-10T16:25:58.198168,2026-04-03,0
Sing Buri,สิงห์บุรี,เที่ยว สิงห์บุรี,TH,2026-01-01 2026-04-30,TH,2026-05-10T16:25:58.198168,2026-04-04,0
Sing Buri,สิงห์บุรี,เที่ยว สิงห์บุรี,TH,2026-01-01 2026-04-30,TH,2026-05-10T16:25:58.198168,2026-04-05,0
Sing Buri,สิงห์บุรี,เที่ยว สิงห์บุรี,TH,2026-01-01 2026-04-30,TH,2026-05-10T16:25:58.198168,2026-04-06,0
Sing Buri,สิงห์บุรี,เที่ยว สิงห์บุรี,TH,2026-01-01 2026-04-30,TH,2026-05-10T16:25:58.198168,2026-04-07,0
Sing Buri,สิงห์บุรี,เที่ยว สิงห์บุรี,TH,2026-01-01 2026-04-30,TH,2026-05-10T16:25:58.198168,2026-04-08,0
Sing Buri,สิงห์บุรี,เที่ยว สิงห์บุรี,TH,2026-01-01 2026-04-30,TH,2026-05-10T16:25:58.198168,2026-04-09,0
Sing Buri,สิงห์บุรี,เที่ยว สิงห์บุรี,TH,2026-01-01 2026-04-30,TH,2026-05-10T16:25:58.198168,2026-04-10,0
Sing Buri,สิงห์บุรี,เที่ยว สิงห์บุรี,TH,2026-01-01 2026-04-30,TH,2026-05-10T16:25:58.198168,2026-04-11,0
Sing Buri,สิงห์บุรี,เที่ยว สิงห์บุรี,TH,2026-01-01 2026-04-30,TH,2026-05-10T16:25:58.198168,2026-04-12,100
Sing Buri,สิงห์บุรี,เที่ยว สิงห์บุรี,TH,2026-01-01 2026-04-30,TH,2026-05-10T16:25:58.198168,2026-04-13,0
Sing Buri,สิงห์บุรี,เที่ยว สิงห์บุรี,TH,2026-01-01 2026-04-30,TH,2026-05-10T16:25:58.198168,2026-04-14,0
Sing Buri,สิงห์บุรี,เที่ยว สิงห์บุรี,TH,2026-01-01 2026-04-30,TH,2026-05-10T16:25:58.198168,2026-04-15,0
Sing Buri,สิงห์บุรี,เที่ยว สิงห์บุรี,TH,2026-01-01 2026-04-30,TH,2026-05-10T16:25:58.198168,2026-04-16,0
Sing Buri,สิงห์บุรี,เที่ยว สิงห์บุรี,TH,2026-01-01 2026-04-30,TH,2026-05-10T16:25:58.198168,2026-04-17,0
Sing Buri,สิงห์บุรี,เที่ยว สิงห์บุรี,TH,2026-01-01 2026-04-30,TH,2026-05-10T16:25:58.198168,2026-04-18,0
Sing Buri,สิงห์บุรี,เที่ยว สิงห์บุรี,TH,2026-01-01 2026-04-30,TH,2026-05-10T16:25:58.198168,2026-04-19,0
Sing Buri,สิงห์บุรี,เที่ยว สิงห์บุรี,TH,2026-01-01 2026-04-30,TH,2026-05-10T16:25:58.198168,2026-04-20,0
Sing Buri,สิงห์บุรี,เที่ยว สิงห์บุรี,TH,2026-01-01 2026-04-30,TH,2026-05-10T16:25:58.198168,2026-04-21,0
Sing Buri,สิงห์บุรี,เที่ยว สิงห์บุรี,TH,2026-01-01 2026-04-30,TH,2026-05-10T16:25:58.198168,2026-04-22,0
Sing Buri,สิงห์บุรี,เที่ยว สิงห์บุรี,TH,2026-01-01 2026-04-30,TH,2026-05-10T16:25:58.198168,2026-04-23,0
Sing Buri,สิงห์บุรี,เที่ยว สิงห์บุรี,TH,2026-01-01 2026-04-30,TH,2026-05-10T16:25:58.198168,2026-04-24,0
Sing Buri,สิงห์บุรี,เที่ยว สิงห์บุรี,TH,2026-01-01 2026-04-30,TH,2026-05-10T16:25:58.198168,2026-04-25,0
Sing Buri,สิงห์บุรี,เที่ยว สิงห์บุรี,TH,2026-01-01 2026-04-30,TH,2026-05-10T16:25:58.198168,2026-04-26,7
Sing Buri,สิงห์บุรี,เที่ยว สิงห์บุรี,TH,2026-01-01 2026-04-30,TH,2026-05-10T16:25:58.198168,2026-04-27,6
Sing Buri,สิงห์บุรี,เที่ยว สิงห์บุรี,TH,2026-01-01 2026-04-30,TH,2026-05-10T16:25:58.198168,2026-04-28,5
Sing Buri,สิงห์บุรี,เที่ยว สิงห์บุรี,TH,2026-01-01 2026-04-30,TH,2026-05-10T16:25:58.198168,2026-04-29,9
Sing Buri,สิงห์บุรี,เที่ยว สิงห์บุรี,TH,2026-01-01 2026-04-30,TH,2026-05-10T16:25:58.198168,2026-04-30,8
Chai Nat,ชัยนาท,เที่ยว ชัยนาท,TH,2026-01-01 2026-04-30,TH,2026-05-10T16:28:06.668502,2026-01-01,0
Chai Nat,ชัยนาท,เที่ยว ชัยนาท,TH,2026-01-01 2026-04-30,TH,2026-05-10T16:28:06.668502,2026-01-02,0
Chai Nat,ชัยนาท,เที่ยว ชัยนาท,TH,2026-01-01 2026-04-30,TH,2026-05-10T16:28:06.668502,2026-01-03,0
Chai Nat,ชัยนาท,เที่ยว ชัยนาท,TH,2026-01-01 2026-04-30,TH,2026-05-10T16:28:06.668502,2026-01-04,0
Chai Nat,ชัยนาท,เที่ยว ชัยนาท,TH,2026-01-01 2026-04-30,TH,2026-05-10T16:28:06.668502,2026-01-05,0
Chai Nat,ชัยนาท,เที่ยว ชัยนาท,TH,2026-01-01 2026-04-30,TH,2026-05-10T16:28:06.668502,2026-01-06,0
Chai Nat,ชัยนาท,เที่ยว ชัยนาท,TH,2026-01-01 2026-04-30,TH,2026-05-10T16:28:06.668502,2026-01-07,0
Chai Nat,ชัยนาท,เที่ยว ชัยนาท,TH,2026-01-01 2026-04-30,TH,2026-05-10T16:28:06.668502,2026-01-08,0
Chai Nat,ชัยนาท,เที่ยว ชัยนาท,TH,2026-01-01 2026-04-30,TH,2026-05-10T16:28:06.668502,2026-01-09,0
Chai Nat,ชัยนาท,เที่ยว ชัยนาท,TH,2026-01-01 2026-04-30,TH,2026-05-10T16:28:06.668502,2026-01-10,0
Chai Nat,ชัยนาท,เที่ยว ชัยนาท,TH,2026-01-01 2026-04-30,TH,2026-05-10T16:28:06.668502,2026-01-11,0
Chai Nat,ชัยนาท,เที่ยว ชัยนาท,TH,2026-01-01 2026-04-30,TH,2026-05-10T16:28:06.668502,2026-01-12,0
Chai Nat,ชัยนาท,เที่ยว ชัยนาท,TH,2026-01-01 2026-04-30,TH,2026-05-10T16:28:06.668502,2026-01-13,0
Chai Nat,ชัยนาท,เที่ยว ชัยนาท,TH,2026-01-01 2026-04-30,TH,2026-05-10T16:28:06.668502,2026-01-14,0
Chai Nat,ชัยนาท,เที่ยว ชัยนาท,TH,2026-01-01 2026-04-30,TH,2026-05-10T16:28:06.668502,2026-01-15,0
Chai Nat,ชัยนาท,เที่ยว ชัยนาท,TH,2026-01-01 2026-04-30,TH,2026-05-10T16:28:06.668502,2026-01-16,0
Chai Nat,ชัยนาท,เที่ยว ชัยนาท,TH,2026-01-01 2026-04-30,TH,2026-05-10T16:28:06.668502,2026-01-17,0
Chai Nat,ชัยนาท,เที่ยว ชัยนาท,TH,2026-01-01 2026-04-30,TH,2026-05-10T16:28:06.668502,2026-01-18,0
Chai Nat,ชัยนาท,เที่ยว ชัยนาท,TH,2026-01-01 2026-04-30,TH,2026-05-10T16:28:06.668502,2026-01-19,0
Chai Nat,ชัยนาท,เที่ยว ชัยนาท,TH,2026-01-01 2026-04-30,TH,2026-05-10T16:28:06.668502,2026-01-20,0
Chai Nat,ชัยนาท,เที่ยว ชัยนาท,TH,2026-01-01 2026-04-30,TH,2026-05-10T16:28:06.668502,2026-01-21,0
Chai Nat,ชัยนาท,เที่ยว ชัยนาท,TH,2026-01-01 2026-04-30,TH,2026-05-10T16:28:06.668502,2026-01-22,0
Chai Nat,ชัยนาท,เที่ยว ชัยนาท,TH,2026-01-01 2026-04-30,TH,2026-05-10T16:28:06.668502,2026-01-23,0
Chai Nat,ชัยนาท,เที่ยว ชัยนาท,TH,2026-01-01 2026-04-30,TH,2026-05-10T16:28:06.668502,2026-01-24,0
Chai Nat,ชัยนาท,เที่ยว ชัยนาท,TH,2026-01-01 2026-04-30,TH,2026-05-10T16:28:06.668502,2026-01-25,100
Chai Nat,ชัยนาท,เที่ยว ชัยนาท,TH,2026-01-01 2026-04-30,TH,2026-05-10T16:28:06.668502,2026-01-26,0
Chai Nat,ชัยนาท,เที่ยว ชัยนาท,TH,2026-01-01 2026-04-30,TH,2026-05-10T16:28:06.668502,2026-01-27,0
Chai Nat,ชัยนาท,เที่ยว ชัยนาท,TH,2026-01-01 2026-04-30,TH,2026-05-10T16:28:06.668502,2026-01-28,0
Chai Nat,ชัยนาท,เที่ยว ชัยนาท,TH,2026-01-01 2026-04-30,TH,2026-05-10T16:28:06.668502,2026-01-29,0
Chai Nat,ชัยนาท,เที่ยว ชัยนาท,TH,2026-01-01 2026-04-30,TH,2026-05-10T16:28:06.668502,2026-01-30,0
Chai Nat,ชัยนาท,เที่ยว ชัยนาท,TH,2026-01-01 2026-04-30,TH,2026-05-10T16:28:06.668502,2026-01-31,0
Chai Nat,ชัยนาท,เที่ยว ชัยนาท,TH,2026-01-01 2026-04-30,TH,2026-05-10T16:28:06.668502,2026-02-01,0
Chai Nat,ชัยนาท,เที่ยว ชัยนาท,TH,2026-01-01 2026-04-30,TH,2026-05-10T16:28:06.668502,2026-02-02,0
Chai Nat,ชัยนาท,เที่ยว ชัยนาท,TH,2026-01-01 2026-04-30,TH,2026-05-10T16:28:06.668502,2026-02-03,0
Chai Nat,ชัยนาท,เที่ยว ชัยนาท,TH,2026-01-01 2026-04-30,TH,2026-05-10T16:28:06.668502,2026-02-04,0
Chai Nat,ชัยนาท,เที่ยว ชัยนาท,TH,2026-01-01 2026-04-30,TH,2026-05-10T16:28:06.668502,2026-02-05,0
Chai Nat,ชัยนาท,เที่ยว ชัยนาท,TH,2026-01-01 2026-04-30,TH,2026-05-10T16:28:06.668502,2026-02-06,0
Chai Nat,ชัยนาท,เที่ยว ชัยนาท,TH,2026-01-01 2026-04-30,TH,2026-05-10T16:28:06.668502,2026-02-07,0
Chai Nat,ชัยนาท,เที่ยว ชัยนาท,TH,2026-01-01 2026-04-30,TH,2026-05-10T16:28:06.668502,2026-02-08,0
Chai Nat,ชัยนาท,เที่ยว ชัยนาท,TH,2026-01-01 2026-04-30,TH,2026-05-10T16:28:06.668502,2026-02-09,0
Chai Nat,ชัยนาท,เที่ยว ชัยนาท,TH,2026-01-01 2026-04-30,TH,2026-05-10T16:28:06.668502,2026-02-10,0
Chai Nat,ชัยนาท,เที่ยว ชัยนาท,TH,2026-01-01 2026-04-30,TH,2026-05-10T16:28:06.668502,2026-02-11,0
Chai Nat,ชัยนาท,เที่ยว ชัยนาท,TH,2026-01-01 2026-04-30,TH,2026-05-10T16:28:06.668502,2026-02-12,0
Chai Nat,ชัยนาท,เที่ยว ชัยนาท,TH,2026-01-01 2026-04-30,TH,2026-05-10T16:28:06.668502,2026-02-13,0
Chai Nat,ชัยนาท,เที่ยว ชัยนาท,TH,2026-01-01 2026-04-30,TH,2026-05-10T16:28:06.668502,2026-02-14,0
Chai Nat,ชัยนาท,เที่ยว ชัยนาท,TH,2026-01-01 2026-04-30,TH,2026-05-10T16:28:06.668502,2026-02-15,0
Chai Nat,ชัยนาท,เที่ยว ชัยนาท,TH,2026-01-01 2026-04-30,TH,2026-05-10T16:28:06.668502,2026-02-16,0
Chai Nat,ชัยนาท,เที่ยว ชัยนาท,TH,2026-01-01 2026-04-30,TH,2026-05-10T16:28:06.668502,2026-02-17,0
Chai Nat,ชัยนาท,เที่ยว ชัยนาท,TH,2026-01-01 2026-04-30,TH,2026-05-10T16:28:06.668502,2026-02-18,0
Chai Nat,ชัยนาท,เที่ยว ชัยนาท,TH,2026-01-01 2026-04-30,TH,2026-05-10T16:28:06.668502,2026-02-19,0
Chai Nat,ชัยนาท,เที่ยว ชัยนาท,TH,2026-01-01 2026-04-30,TH,2026-05-10T16:28:06.668502,2026-02-20,0
Chai Nat,ชัยนาท,เที่ยว ชัยนาท,TH,2026-01-01 2026-04-30,TH,2026-05-10T16:28:06.668502,2026-02-21,0
Chai Nat,ชัยนาท,เที่ยว ชัยนาท,TH,2026-01-01 2026-04-30,TH,2026-05-10T16:28:06.668502,2026-02-22,0
Chai Nat,ชัยนาท,เที่ยว ชัยนาท,TH,2026-01-01 2026-04-30,TH,2026-05-10T16:28:06.668502,2026-02-23,0
Chai Nat,ชัยนาท,เที่ยว ชัยนาท,TH,2026-01-01 2026-04-30,TH,2026-05-10T16:28:06.668502,2026-02-24,0
Chai Nat,ชัยนาท,เที่ยว ชัยนาท,TH,2026-01-01 2026-04-30,TH,2026-05-10T16:28:06.668502,2026-02-25,0
Chai Nat,ชัยนาท,เที่ยว ชัยนาท,TH,2026-01-01 2026-04-30,TH,2026-05-10T16:28:06.668502,2026-02-26,0
Chai Nat,ชัยนาท,เที่ยว ชัยนาท,TH,2026-01-01 2026-04-30,TH,2026-05-10T16:28:06.668502,2026-02-27,0
Chai Nat,ชัยนาท,เที่ยว ชัยนาท,TH,2026-01-01 2026-04-30,TH,2026-05-10T16:28:06.668502,2026-02-28,0
Chai Nat,ชัยนาท,เที่ยว ชัยนาท,TH,2026-01-01 2026-04-30,TH,2026-05-10T16:28:06.668502,2026-03-01,0
Chai Nat,ชัยนาท,เที่ยว ชัยนาท,TH,2026-01-01 2026-04-30,TH,2026-05-10T16:28:06.668502,2026-03-02,0
Chai Nat,ชัยนาท,เที่ยว ชัยนาท,TH,2026-01-01 2026-04-30,TH,2026-05-10T16:28:06.668502,2026-03-03,0
Chai Nat,ชัยนาท,เที่ยว ชัยนาท,TH,2026-01-01 2026-04-30,TH,2026-05-10T16:28:06.668502,2026-03-04,0
Chai Nat,ชัยนาท,เที่ยว ชัยนาท,TH,2026-01-01 2026-04-30,TH,2026-05-10T16:28:06.668502,2026-03-05,0
Chai Nat,ชัยนาท,เที่ยว ชัยนาท,TH,2026-01-01 2026-04-30,TH,2026-05-10T16:28:06.668502,2026-03-06,0
Chai Nat,ชัยนาท,เที่ยว ชัยนาท,TH,2026-01-01 2026-04-30,TH,2026-05-10T16:28:06.668502,2026-03-07,0
Chai Nat,ชัยนาท,เที่ยว ชัยนาท,TH,2026-01-01 2026-04-30,TH,2026-05-10T16:28:06.668502,2026-03-08,0
Chai Nat,ชัยนาท,เที่ยว ชัยนาท,TH,2026-01-01 2026-04-30,TH,2026-05-10T16:28:06.668502,2026-03-09,0
Chai Nat,ชัยนาท,เที่ยว ชัยนาท,TH,2026-01-01 2026-04-30,TH,2026-05-10T16:28:06.668502,2026-03-10,0
Chai Nat,ชัยนาท,เที่ยว ชัยนาท,TH,2026-01-01 2026-04-30,TH,2026-05-10T16:28:06.668502,2026-03-11,0
Chai Nat,ชัยนาท,เที่ยว ชัยนาท,TH,2026-01-01 2026-04-30,TH,2026-05-10T16:28:06.668502,2026-03-12,0
Chai Nat,ชัยนาท,เที่ยว ชัยนาท,TH,2026-01-01 2026-04-30,TH,2026-05-10T16:28:06.668502,2026-03-13,0
Chai Nat,ชัยนาท,เที่ยว ชัยนาท,TH,2026-01-01 2026-04-30,TH,2026-05-10T16:28:06.668502,2026-03-14,0
Chai Nat,ชัยนาท,เที่ยว ชัยนาท,TH,2026-01-01 2026-04-30,TH,2026-05-10T16:28:06.668502,2026-03-15,0
Chai Nat,ชัยนาท,เที่ยว ชัยนาท,TH,2026-01-01 2026-04-30,TH,2026-05-10T16:28:06.668502,2026-03-16,0
Chai Nat,ชัยนาท,เที่ยว ชัยนาท,TH,2026-01-01 2026-04-30,TH,2026-05-10T16:28:06.668502,2026-03-17,0
Chai Nat,ชัยนาท,เที่ยว ชัยนาท,TH,2026-01-01 2026-04-30,TH,2026-05-10T16:28:06.668502,2026-03-18,0
Chai Nat,ชัยนาท,เที่ยว ชัยนาท,TH,2026-01-01 2026-04-30,TH,2026-05-10T16:28:06.668502,2026-03-19,0
Chai Nat,ชัยนาท,เที่ยว ชัยนาท,TH,2026-01-01 2026-04-30,TH,2026-05-10T16:28:06.668502,2026-03-20,0
Chai Nat,ชัยนาท,เที่ยว ชัยนาท,TH,2026-01-01 2026-04-30,TH,2026-05-10T16:28:06.668502,2026-03-21,0
Chai Nat,ชัยนาท,เที่ยว ชัยนาท,TH,2026-01-01 2026-04-30,TH,2026-05-10T16:28:06.668502,2026-03-22,0
Chai Nat,ชัยนาท,เที่ยว ชัยนาท,TH,2026-01-01 2026-04-30,TH,2026-05-10T16:28:06.668502,2026-03-23,0
Chai Nat,ชัยนาท,เที่ยว ชัยนาท,TH,2026-01-01 2026-04-30,TH,2026-05-10T16:28:06.668502,2026-03-24,0
Chai Nat,ชัยนาท,เที่ยว ชัยนาท,TH,2026-01-01 2026-04-30,TH,2026-05-10T16:28:06.668502,2026-03-25,0
Chai Nat,ชัยนาท,เที่ยว ชัยนาท,TH,2026-01-01 2026-04-30,TH,2026-05-10T16:28:06.668502,2026-03-26,0
Chai Nat,ชัยนาท,เที่ยว ชัยนาท,TH,2026-01-01 2026-04-30,TH,2026-05-10T16:28:06.668502,2026-03-27,0
Chai Nat,ชัยนาท,เที่ยว ชัยนาท,TH,2026-01-01 2026-04-30,TH,2026-05-10T16:28:06.668502,2026-03-28,0
Chai Nat,ชัยนาท,เที่ยว ชัยนาท,TH,2026-01-01 2026-04-30,TH,2026-05-10T16:28:06.668502,2026-03-29,0
Chai Nat,ชัยนาท,เที่ยว ชัยนาท,TH,2026-01-01 2026-04-30,TH,2026-05-10T16:28:06.668502,2026-03-30,0
Chai Nat,ชัยนาท,เที่ยว ชัยนาท,TH,2026-01-01 2026-04-30,TH,2026-05-10T16:28:06.668502,2026-03-31,0
Chai Nat,ชัยนาท,เที่ยว ชัยนาท,TH,2026-01-01 2026-04-30,TH,2026-05-10T16:28:06.668502,2026-04-01,0
Chai Nat,ชัยนาท,เที่ยว ชัยนาท,TH,2026-01-01 2026-04-30,TH,2026-05-10T16:28:06.668502,2026-04-02,0
Chai Nat,ชัยนาท,เที่ยว ชัยนาท,TH,2026-01-01 2026-04-30,TH,2026-05-10T16:28:06.668502,2026-04-03,0
Chai Nat,ชัยนาท,เที่ยว ชัยนาท,TH,2026-01-01 2026-04-30,TH,2026-05-10T16:28:06.668502,2026-04-04,0
Chai Nat,ชัยนาท,เที่ยว ชัยนาท,TH,2026-01-01 2026-04-30,TH,2026-05-10T16:28:06.668502,2026-04-05,0
Chai Nat,ชัยนาท,เที่ยว ชัยนาท,TH,2026-01-01 2026-04-30,TH,2026-05-10T16:28:06.668502,2026-04-06,0
Chai Nat,ชัยนาท,เที่ยว ชัยนาท,TH,2026-01-01 2026-04-30,TH,2026-05-10T16:28:06.668502,2026-04-07,0
Chai Nat,ชัยนาท,เที่ยว ชัยนาท,TH,2026-01-01 2026-04-30,TH,2026-05-10T16:28:06.668502,2026-04-08,0
Chai Nat,ชัยนาท,เที่ยว ชัยนาท,TH,2026-01-01 2026-04-30,TH,2026-05-10T16:28:06.668502,2026-04-09,0
Chai Nat,ชัยนาท,เที่ยว ชัยนาท,TH,2026-01-01 2026-04-30,TH,2026-05-10T16:28:06.668502,2026-04-10,96
Chai Nat,ชัยนาท,เที่ยว ชัยนาท,TH,2026-01-01 2026-04-30,TH,2026-05-10T16:28:06.668502,2026-04-11,0
Chai Nat,ชัยนาท,เที่ยว ชัยนาท,TH,2026-01-01 2026-04-30,TH,2026-05-10T16:28:06.668502,2026-04-12,0
Chai Nat,ชัยนาท,เที่ยว ชัยนาท,TH,2026-01-01 2026-04-30,TH,2026-05-10T16:28:06.668502,2026-04-13,0
Chai Nat,ชัยนาท,เที่ยว ชัยนาท,TH,2026-01-01 2026-04-30,TH,2026-05-10T16:28:06.668502,2026-04-14,0
Chai Nat,ชัยนาท,เที่ยว ชัยนาท,TH,2026-01-01 2026-04-30,TH,2026-05-10T16:28:06.668502,2026-04-15,0
Chai Nat,ชัยนาท,เที่ยว ชัยนาท,TH,2026-01-01 2026-04-30,TH,2026-05-10T16:28:06.668502,2026-04-16,0
Chai Nat,ชัยนาท,เที่ยว ชัยนาท,TH,2026-01-01 2026-04-30,TH,2026-05-10T16:28:06.668502,2026-04-17,0
Chai Nat,ชัยนาท,เที่ยว ชัยนาท,TH,2026-01-01 2026-04-30,TH,2026-05-10T16:28:06.668502,2026-04-18,0
Chai Nat,ชัยนาท,เที่ยว ชัยนาท,TH,2026-01-01 2026-04-30,TH,2026-05-10T16:28:06.668502,2026-04-19,0
Chai Nat,ชัยนาท,เที่ยว ชัยนาท,TH,2026-01-01 2026-04-30,TH,2026-05-10T16:28:06.668502,2026-04-20,0
Chai Nat,ชัยนาท,เที่ยว ชัยนาท,TH,2026-01-01 2026-04-30,TH,2026-05-10T16:28:06.668502,2026-04-21,0
Chai Nat,ชัยนาท,เที่ยว ชัยนาท,TH,2026-01-01 2026-04-30,TH,2026-05-10T16:28:06.668502,2026-04-22,0
Chai Nat,ชัยนาท,เที่ยว ชัยนาท,TH,2026-01-01 2026-04-30,TH,2026-05-10T16:28:06.668502,2026-04-23,0
Chai Nat,ชัยนาท,เที่ยว ชัยนาท,TH,2026-01-01 2026-04-30,TH,2026-05-10T16:28:06.668502,2026-04-24,0
Chai Nat,ชัยนาท,เที่ยว ชัยนาท,TH,2026-01-01 2026-04-30,TH,2026-05-10T16:28:06.668502,2026-04-25,0
Chai Nat,ชัยนาท,เที่ยว ชัยนาท,TH,2026-01-01 2026-04-30,TH,2026-05-10T16:28:06.668502,2026-04-26,12
Chai Nat,ชัยนาท,เที่ยว ชัยนาท,TH,2026-01-01 2026-04-30,TH,2026-05-10T16:28:06.668502,2026-04-27,10
Chai Nat,ชัยนาท,เที่ยว ชัยนาท,TH,2026-01-01 2026-04-30,TH,2026-05-10T16:28:06.668502,2026-04-28,9
Chai Nat,ชัยนาท,เที่ยว ชัยนาท,TH,2026-01-01 2026-04-30,TH,2026-05-10T16:28:06.668502,2026-04-29,17
Chai Nat,ชัยนาท,เที่ยว ชัยนาท,TH,2026-01-01 2026-04-30,TH,2026-05-10T16:28:06.668502,2026-04-30,13
Saraburi,สระบุรี,เที่ยว สระบุรี,TH,2026-01-01 2026-04-30,TH,2026-05-10T16:28:13.064676,2026-01-01,100
Saraburi,สระบุรี,เที่ยว สระบุรี,TH,2026-01-01 2026-04-30,TH,2026-05-10T16:28:13.064676,2026-01-02,65
Saraburi,สระบุรี,เที่ยว สระบุรี,TH,2026-01-01 2026-04-30,TH,2026-05-10T16:28:13.064676,2026-01-03,0
Saraburi,สระบุรี,เที่ยว สระบุรี,TH,2026-01-01 2026-04-30,TH,2026-05-10T16:28:13.064676,2026-01-04,85
Saraburi,สระบุรี,เที่ยว สระบุรี,TH,2026-01-01 2026-04-30,TH,2026-05-10T16:28:13.064676,2026-01-05,0
Saraburi,สระบุรี,เที่ยว สระบุรี,TH,2026-01-01 2026-04-30,TH,2026-05-10T16:28:13.064676,2026-01-06,73
Saraburi,สระบุรี,เที่ยว สระบุรี,TH,2026-01-01 2026-04-30,TH,2026-05-10T16:28:13.064676,2026-01-07,0
Saraburi,สระบุรี,เที่ยว สระบุรี,TH,2026-01-01 2026-04-30,TH,2026-05-10T16:28:13.064676,2026-01-08,66
Saraburi,สระบุรี,เที่ยว สระบุรี,TH,2026-01-01 2026-04-30,TH,2026-05-10T16:28:13.064676,2026-01-09,0
Saraburi,สระบุรี,เที่ยว สระบุรี,TH,2026-01-01 2026-04-30,TH,2026-05-10T16:28:13.064676,2026-01-10,0
Saraburi,สระบุรี,เที่ยว สระบุรี,TH,2026-01-01 2026-04-30,TH,2026-05-10T16:28:13.064676,2026-01-11,0
Saraburi,สระบุรี,เที่ยว สระบุรี,TH,2026-01-01 2026-04-30,TH,2026-05-10T16:28:13.064676,2026-01-12,0
Saraburi,สระบุรี,เที่ยว สระบุรี,TH,2026-01-01 2026-04-30,TH,2026-05-10T16:28:13.064676,2026-01-13,73
Saraburi,สระบุรี,เที่ยว สระบุรี,TH,2026-01-01 2026-04-30,TH,2026-05-10T16:28:13.064676,2026-01-14,0
Saraburi,สระบุรี,เที่ยว สระบุรี,TH,2026-01-01 2026-04-30,TH,2026-05-10T16:28:13.064676,2026-01-15,48
Saraburi,สระบุรี,เที่ยว สระบุรี,TH,2026-01-01 2026-04-30,TH,2026-05-10T16:28:13.064676,2026-01-16,0
Saraburi,สระบุรี,เที่ยว สระบุรี,TH,2026-01-01 2026-04-30,TH,2026-05-10T16:28:13.064676,2026-01-17,54
Saraburi,สระบุรี,เที่ยว สระบุรี,TH,2026-01-01 2026-04-30,TH,2026-05-10T16:28:13.064676,2026-01-18,70
Saraburi,สระบุรี,เที่ยว สระบุรี,TH,2026-01-01 2026-04-30,TH,2026-05-10T16:28:13.064676,2026-01-19,64
Saraburi,สระบุรี,เที่ยว สระบุรี,TH,2026-01-01 2026-04-30,TH,2026-05-10T16:28:13.064676,2026-01-20,57
Saraburi,สระบุรี,เที่ยว สระบุรี,TH,2026-01-01 2026-04-30,TH,2026-05-10T16:28:13.064676,2026-01-21,0
Saraburi,สระบุรี,เที่ยว สระบุรี,TH,2026-01-01 2026-04-30,TH,2026-05-10T16:28:13.064676,2026-01-22,0
Saraburi,สระบุรี,เที่ยว สระบุรี,TH,2026-01-01 2026-04-30,TH,2026-05-10T16:28:13.064676,2026-01-23,0
Saraburi,สระบุรี,เที่ยว สระบุรี,TH,2026-01-01 2026-04-30,TH,2026-05-10T16:28:13.064676,2026-01-24,0
Saraburi,สระบุรี,เที่ยว สระบุรี,TH,2026-01-01 2026-04-30,TH,2026-05-10T16:28:13.064676,2026-01-25,64
Saraburi,สระบุรี,เที่ยว สระบุรี,TH,2026-01-01 2026-04-30,TH,2026-05-10T16:28:13.064676,2026-01-26,0
Saraburi,สระบุรี,เที่ยว สระบุรี,TH,2026-01-01 2026-04-30,TH,2026-05-10T16:28:13.064676,2026-01-27,0
Saraburi,สระบุรี,เที่ยว สระบุรี,TH,2026-01-01 2026-04-30,TH,2026-05-10T16:28:13.064676,2026-01-28,0
Saraburi,สระบุรี,เที่ยว สระบุรี,TH,2026-01-01 2026-04-30,TH,2026-05-10T16:28:13.064676,2026-01-29,0
Saraburi,สระบุรี,เที่ยว สระบุรี,TH,2026-01-01 2026-04-30,TH,2026-05-10T16:28:13.064676,2026-01-30,84
Saraburi,สระบุรี,เที่ยว สระบุรี,TH,2026-01-01 2026-04-30,TH,2026-05-10T16:28:13.064676,2026-01-31,54
Saraburi,สระบุรี,เที่ยว สระบุรี,TH,2026-01-01 2026-04-30,TH,2026-05-10T16:28:13.064676,2026-02-01,0
Saraburi,สระบุรี,เที่ยว สระบุรี,TH,2026-01-01 2026-04-30,TH,2026-05-10T16:28:13.064676,2026-02-02,0
Saraburi,สระบุรี,เที่ยว สระบุรี,TH,2026-01-01 2026-04-30,TH,2026-05-10T16:28:13.064676,2026-02-03,0
Saraburi,สระบุรี,เที่ยว สระบุรี,TH,2026-01-01 2026-04-30,TH,2026-05-10T16:28:13.064676,2026-02-04,0
Saraburi,สระบุรี,เที่ยว สระบุรี,TH,2026-01-01 2026-04-30,TH,2026-05-10T16:28:13.064676,2026-02-05,0
Saraburi,สระบุรี,เที่ยว สระบุรี,TH,2026-01-01 2026-04-30,TH,2026-05-10T16:28:13.064676,2026-02-06,0
Saraburi,สระบุรี,เที่ยว สระบุรี,TH,2026-01-01 2026-04-30,TH,2026-05-10T16:28:13.064676,2026-02-07,0
Saraburi,สระบุรี,เที่ยว สระบุรี,TH,2026-01-01 2026-04-30,TH,2026-05-10T16:28:13.064676,2026-02-08,0
Saraburi,สระบุรี,เที่ยว สระบุรี,TH,2026-01-01 2026-04-30,TH,2026-05-10T16:28:13.064676,2026-02-09,0
Saraburi,สระบุรี,เที่ยว สระบุรี,TH,2026-01-01 2026-04-30,TH,2026-05-10T16:28:13.064676,2026-02-10,0
Saraburi,สระบุรี,เที่ยว สระบุรี,TH,2026-01-01 2026-04-30,TH,2026-05-10T16:28:13.064676,2026-02-11,0
Saraburi,สระบุรี,เที่ยว สระบุรี,TH,2026-01-01 2026-04-30,TH,2026-05-10T16:28:13.064676,2026-02-12,0
Saraburi,สระบุรี,เที่ยว สระบุรี,TH,2026-01-01 2026-04-30,TH,2026-05-10T16:28:13.064676,2026-02-13,0
Saraburi,สระบุรี,เที่ยว สระบุรี,TH,2026-01-01 2026-04-30,TH,2026-05-10T16:28:13.064676,2026-02-14,0
Saraburi,สระบุรี,เที่ยว สระบุรี,TH,2026-01-01 2026-04-30,TH,2026-05-10T16:28:13.064676,2026-02-15,0
Saraburi,สระบุรี,เที่ยว สระบุรี,TH,2026-01-01 2026-04-30,TH,2026-05-10T16:28:13.064676,2026-02-16,45
Saraburi,สระบุรี,เที่ยว สระบุรี,TH,2026-01-01 2026-04-30,TH,2026-05-10T16:28:13.064676,2026-02-17,66
Saraburi,สระบุรี,เที่ยว สระบุรี,TH,2026-01-01 2026-04-30,TH,2026-05-10T16:28:13.064676,2026-02-18,0
Saraburi,สระบุรี,เที่ยว สระบุรี,TH,2026-01-01 2026-04-30,TH,2026-05-10T16:28:13.064676,2026-02-19,0
Saraburi,สระบุรี,เที่ยว สระบุรี,TH,2026-01-01 2026-04-30,TH,2026-05-10T16:28:13.064676,2026-02-20,0
Saraburi,สระบุรี,เที่ยว สระบุรี,TH,2026-01-01 2026-04-30,TH,2026-05-10T16:28:13.064676,2026-02-21,56
Saraburi,สระบุรี,เที่ยว สระบุรี,TH,2026-01-01 2026-04-30,TH,2026-05-10T16:28:13.064676,2026-02-22,97
Saraburi,สระบุรี,เที่ยว สระบุรี,TH,2026-01-01 2026-04-30,TH,2026-05-10T16:28:13.064676,2026-02-23,0
Saraburi,สระบุรี,เที่ยว สระบุรี,TH,2026-01-01 2026-04-30,TH,2026-05-10T16:28:13.064676,2026-02-24,54
Saraburi,สระบุรี,เที่ยว สระบุรี,TH,2026-01-01 2026-04-30,TH,2026-05-10T16:28:13.064676,2026-02-25,0
Saraburi,สระบุรี,เที่ยว สระบุรี,TH,2026-01-01 2026-04-30,TH,2026-05-10T16:28:13.064676,2026-02-26,0
Saraburi,สระบุรี,เที่ยว สระบุรี,TH,2026-01-01 2026-04-30,TH,2026-05-10T16:28:13.064676,2026-02-27,67
Saraburi,สระบุรี,เที่ยว สระบุรี,TH,2026-01-01 2026-04-30,TH,2026-05-10T16:28:13.064676,2026-02-28,0
Saraburi,สระบุรี,เที่ยว สระบุรี,TH,2026-01-01 2026-04-30,TH,2026-05-10T16:28:13.064676,2026-03-01,53
Saraburi,สระบุรี,เที่ยว สระบุรี,TH,2026-01-01 2026-04-30,TH,2026-05-10T16:28:13.064676,2026-03-02,60
Saraburi,สระบุรี,เที่ยว สระบุรี,TH,2026-01-01 2026-04-30,TH,2026-05-10T16:28:13.064676,2026-03-03,0
Saraburi,สระบุรี,เที่ยว สระบุรี,TH,2026-01-01 2026-04-30,TH,2026-05-10T16:28:13.064676,2026-03-04,63
Saraburi,สระบุรี,เที่ยว สระบุรี,TH,2026-01-01 2026-04-30,TH,2026-05-10T16:28:13.064676,2026-03-05,72
Saraburi,สระบุรี,เที่ยว สระบุรี,TH,2026-01-01 2026-04-30,TH,2026-05-10T16:28:13.064676,2026-03-06,59
Saraburi,สระบุรี,เที่ยว สระบุรี,TH,2026-01-01 2026-04-30,TH,2026-05-10T16:28:13.064676,2026-03-07,0
Saraburi,สระบุรี,เที่ยว สระบุรี,TH,2026-01-01 2026-04-30,TH,2026-05-10T16:28:13.064676,2026-03-08,0
Saraburi,สระบุรี,เที่ยว สระบุรี,TH,2026-01-01 2026-04-30,TH,2026-05-10T16:28:13.064676,2026-03-09,0
Saraburi,สระบุรี,เที่ยว สระบุรี,TH,2026-01-01 2026-04-30,TH,2026-05-10T16:28:13.064676,2026-03-10,0
Saraburi,สระบุรี,เที่ยว สระบุรี,TH,2026-01-01 2026-04-30,TH,2026-05-10T16:28:13.064676,2026-03-11,49
Saraburi,สระบุรี,เที่ยว สระบุรี,TH,2026-01-01 2026-04-30,TH,2026-05-10T16:28:13.064676,2026-03-12,0
Saraburi,สระบุรี,เที่ยว สระบุรี,TH,2026-01-01 2026-04-30,TH,2026-05-10T16:28:13.064676,2026-03-13,51
Saraburi,สระบุรี,เที่ยว สระบุรี,TH,2026-01-01 2026-04-30,TH,2026-05-10T16:28:13.064676,2026-03-14,0
Saraburi,สระบุรี,เที่ยว สระบุรี,TH,2026-01-01 2026-04-30,TH,2026-05-10T16:28:13.064676,2026-03-15,0
Saraburi,สระบุรี,เที่ยว สระบุรี,TH,2026-01-01 2026-04-30,TH,2026-05-10T16:28:13.064676,2026-03-16,0
Saraburi,สระบุรี,เที่ยว สระบุรี,TH,2026-01-01 2026-04-30,TH,2026-05-10T16:28:13.064676,2026-03-17,0
Saraburi,สระบุรี,เที่ยว สระบุรี,TH,2026-01-01 2026-04-30,TH,2026-05-10T16:28:13.064676,2026-03-18,0
Saraburi,สระบุรี,เที่ยว สระบุรี,TH,2026-01-01 2026-04-30,TH,2026-05-10T16:28:13.064676,2026-03-19,0
Saraburi,สระบุรี,เที่ยว สระบุรี,TH,2026-01-01 2026-04-30,TH,2026-05-10T16:28:13.064676,2026-03-20,0
Saraburi,สระบุรี,เที่ยว สระบุรี,TH,2026-01-01 2026-04-30,TH,2026-05-10T16:28:13.064676,2026-03-21,0
Saraburi,สระบุรี,เที่ยว สระบุรี,TH,2026-01-01 2026-04-30,TH,2026-05-10T16:28:13.064676,2026-03-22,0
Saraburi,สระบุรี,เที่ยว สระบุรี,TH,2026-01-01 2026-04-30,TH,2026-05-10T16:28:13.064676,2026-03-23,0
Saraburi,สระบุรี,เที่ยว สระบุรี,TH,2026-01-01 2026-04-30,TH,2026-05-10T16:28:13.064676,2026-03-24,0
Saraburi,สระบุรี,เที่ยว สระบุรี,TH,2026-01-01 2026-04-30,TH,2026-05-10T16:28:13.064676,2026-03-25,0
Saraburi,สระบุรี,เที่ยว สระบุรี,TH,2026-01-01 2026-04-30,TH,2026-05-10T16:28:13.064676,2026-03-26,0
Saraburi,สระบุรี,เที่ยว สระบุรี,TH,2026-01-01 2026-04-30,TH,2026-05-10T16:28:13.064676,2026-03-27,0
Saraburi,สระบุรี,เที่ยว สระบุรี,TH,2026-01-01 2026-04-30,TH,2026-05-10T16:28:13.064676,2026-03-28,0
Saraburi,สระบุรี,เที่ยว สระบุรี,TH,2026-01-01 2026-04-30,TH,2026-05-10T16:28:13.064676,2026-03-29,0
Saraburi,สระบุรี,เที่ยว สระบุรี,TH,2026-01-01 2026-04-30,TH,2026-05-10T16:28:13.064676,2026-03-30,0
Saraburi,สระบุรี,เที่ยว สระบุรี,TH,2026-01-01 2026-04-30,TH,2026-05-10T16:28:13.064676,2026-03-31,0
Saraburi,สระบุรี,เที่ยว สระบุรี,TH,2026-01-01 2026-04-30,TH,2026-05-10T16:28:13.064676,2026-04-01,0
Saraburi,สระบุรี,เที่ยว สระบุรี,TH,2026-01-01 2026-04-30,TH,2026-05-10T16:28:13.064676,2026-04-02,50
Saraburi,สระบุรี,เที่ยว สระบุรี,TH,2026-01-01 2026-04-30,TH,2026-05-10T16:28:13.064676,2026-04-03,0
Saraburi,สระบุรี,เที่ยว สระบุรี,TH,2026-01-01 2026-04-30,TH,2026-05-10T16:28:13.064676,2026-04-04,0
Saraburi,สระบุรี,เที่ยว สระบุรี,TH,2026-01-01 2026-04-30,TH,2026-05-10T16:28:13.064676,2026-04-05,0
Saraburi,สระบุรี,เที่ยว สระบุรี,TH,2026-01-01 2026-04-30,TH,2026-05-10T16:28:13.064676,2026-04-06,0
Saraburi,สระบุรี,เที่ยว สระบุรี,TH,2026-01-01 2026-04-30,TH,2026-05-10T16:28:13.064676,2026-04-07,68
Saraburi,สระบุรี,เที่ยว สระบุรี,TH,2026-01-01 2026-04-30,TH,2026-05-10T16:28:13.064676,2026-04-08,0
Saraburi,สระบุรี,เที่ยว สระบุรี,TH,2026-01-01 2026-04-30,TH,2026-05-10T16:28:13.064676,2026-04-09,0
Saraburi,สระบุรี,เที่ยว สระบุรี,TH,2026-01-01 2026-04-30,TH,2026-05-10T16:28:13.064676,2026-04-10,58
Saraburi,สระบุรี,เที่ยว สระบุรี,TH,2026-01-01 2026-04-30,TH,2026-05-10T16:28:13.064676,2026-04-11,0
Saraburi,สระบุรี,เที่ยว สระบุรี,TH,2026-01-01 2026-04-30,TH,2026-05-10T16:28:13.064676,2026-04-12,0
Saraburi,สระบุรี,เที่ยว สระบุรี,TH,2026-01-01 2026-04-30,TH,2026-05-10T16:28:13.064676,2026-04-13,82
Saraburi,สระบุรี,เที่ยว สระบุรี,TH,2026-01-01 2026-04-30,TH,2026-05-10T16:28:13.064676,2026-04-14,0
Saraburi,สระบุรี,เที่ยว สระบุรี,TH,2026-01-01 2026-04-30,TH,2026-05-10T16:28:13.064676,2026-04-15,0
Saraburi,สระบุรี,เที่ยว สระบุรี,TH,2026-01-01 2026-04-30,TH,2026-05-10T16:28:13.064676,2026-04-16,0
Saraburi,สระบุรี,เที่ยว สระบุรี,TH,2026-01-01 2026-04-30,TH,2026-05-10T16:28:13.064676,2026-04-17,63
Saraburi,สระบุรี,เที่ยว สระบุรี,TH,2026-01-01 2026-04-30,TH,2026-05-10T16:28:13.064676,2026-04-18,0
Saraburi,สระบุรี,เที่ยว สระบุรี,TH,2026-01-01 2026-04-30,TH,2026-05-10T16:28:13.064676,2026-04-19,0
Saraburi,สระบุรี,เที่ยว สระบุรี,TH,2026-01-01 2026-04-30,TH,2026-05-10T16:28:13.064676,2026-04-20,55
Saraburi,สระบุรี,เที่ยว สระบุรี,TH,2026-01-01 2026-04-30,TH,2026-05-10T16:28:13.064676,2026-04-21,0
Saraburi,สระบุรี,เที่ยว สระบุรี,TH,2026-01-01 2026-04-30,TH,2026-05-10T16:28:13.064676,2026-04-22,0
Saraburi,สระบุรี,เที่ยว สระบุรี,TH,2026-01-01 2026-04-30,TH,2026-05-10T16:28:13.064676,2026-04-23,0
Saraburi,สระบุรี,เที่ยว สระบุรี,TH,2026-01-01 2026-04-30,TH,2026-05-10T16:28:13.064676,2026-04-24,68
Saraburi,สระบุรี,เที่ยว สระบุรี,TH,2026-01-01 2026-04-30,TH,2026-05-10T16:28:13.064676,2026-04-25,0
Saraburi,สระบุรี,เที่ยว สระบุรี,TH,2026-01-01 2026-04-30,TH,2026-05-10T16:28:13.064676,2026-04-26,46
Saraburi,สระบุรี,เที่ยว สระบุรี,TH,2026-01-01 2026-04-30,TH,2026-05-10T16:28:13.064676,2026-04-27,51
Saraburi,สระบุรี,เที่ยว สระบุรี,TH,2026-01-01 2026-04-30,TH,2026-05-10T16:28:13.064676,2026-04-28,55
Saraburi,สระบุรี,เที่ยว สระบุรี,TH,2026-01-01 2026-04-30,TH,2026-05-10T16:28:13.064676,2026-04-29,51
Saraburi,สระบุรี,เที่ยว สระบุรี,TH,2026-01-01 2026-04-30,TH,2026-05-10T16:28:13.064676,2026-04-30,59
Chon Buri,ชลบุรี,เที่ยว ชลบุรี,TH,2026-01-01 2026-04-30,TH,2026-05-10T16:28:19.143736,2026-01-01,81
Chon Buri,ชลบุรี,เที่ยว ชลบุรี,TH,2026-01-01 2026-04-30,TH,2026-05-10T16:28:19.143736,2026-01-02,41
Chon Buri,ชลบุรี,เที่ยว ชลบุรี,TH,2026-01-01 2026-04-30,TH,2026-05-10T16:28:19.143736,2026-01-03,61
Chon Buri,ชลบุรี,เที่ยว ชลบุรี,TH,2026-01-01 2026-04-30,TH,2026-05-10T16:28:19.143736,2026-01-04,43
Chon Buri,ชลบุรี,เที่ยว ชลบุรี,TH,2026-01-01 2026-04-30,TH,2026-05-10T16:28:19.143736,2026-01-05,0
Chon Buri,ชลบุรี,เที่ยว ชลบุรี,TH,2026-01-01 2026-04-30,TH,2026-05-10T16:28:19.143736,2026-01-06,35
Chon Buri,ชลบุรี,เที่ยว ชลบุรี,TH,2026-01-01 2026-04-30,TH,2026-05-10T16:28:19.143736,2026-01-07,40
Chon Buri,ชลบุรี,เที่ยว ชลบุรี,TH,2026-01-01 2026-04-30,TH,2026-05-10T16:28:19.143736,2026-01-08,38
Chon Buri,ชลบุรี,เที่ยว ชลบุรี,TH,2026-01-01 2026-04-30,TH,2026-05-10T16:28:19.143736,2026-01-09,62
Chon Buri,ชลบุรี,เที่ยว ชลบุรี,TH,2026-01-01 2026-04-30,TH,2026-05-10T16:28:19.143736,2026-01-10,41
Chon Buri,ชลบุรี,เที่ยว ชลบุรี,TH,2026-01-01 2026-04-30,TH,2026-05-10T16:28:19.143736,2026-01-11,0
Chon Buri,ชลบุรี,เที่ยว ชลบุรี,TH,2026-01-01 2026-04-30,TH,2026-05-10T16:28:19.143736,2026-01-12,0
Chon Buri,ชลบุรี,เที่ยว ชลบุรี,TH,2026-01-01 2026-04-30,TH,2026-05-10T16:28:19.143736,2026-01-13,39
Chon Buri,ชลบุรี,เที่ยว ชลบุรี,TH,2026-01-01 2026-04-30,TH,2026-05-10T16:28:19.143736,2026-01-14,0
Chon Buri,ชลบุรี,เที่ยว ชลบุรี,TH,2026-01-01 2026-04-30,TH,2026-05-10T16:28:19.143736,2026-01-15,0
Chon Buri,ชลบุรี,เที่ยว ชลบุรี,TH,2026-01-01 2026-04-30,TH,2026-05-10T16:28:19.143736,2026-01-16,0
Chon Buri,ชลบุรี,เที่ยว ชลบุรี,TH,2026-01-01 2026-04-30,TH,2026-05-10T16:28:19.143736,2026-01-17,59
Chon Buri,ชลบุรี,เที่ยว ชลบุรี,TH,2026-01-01 2026-04-30,TH,2026-05-10T16:28:19.143736,2026-01-18,0
Chon Buri,ชลบุรี,เที่ยว ชลบุรี,TH,2026-01-01 2026-04-30,TH,2026-05-10T16:28:19.143736,2026-01-19,0
Chon Buri,ชลบุรี,เที่ยว ชลบุรี,TH,2026-01-01 2026-04-30,TH,2026-05-10T16:28:19.143736,2026-01-20,0
Chon Buri,ชลบุรี,เที่ยว ชลบุรี,TH,2026-01-01 2026-04-30,TH,2026-05-10T16:28:19.143736,2026-01-21,0
Chon Buri,ชลบุรี,เที่ยว ชลบุรี,TH,2026-01-01 2026-04-30,TH,2026-05-10T16:28:19.143736,2026-01-22,0
Chon Buri,ชลบุรี,เที่ยว ชลบุรี,TH,2026-01-01 2026-04-30,TH,2026-05-10T16:28:19.143736,2026-01-23,48
Chon Buri,ชลบุรี,เที่ยว ชลบุรี,TH,2026-01-01 2026-04-30,TH,2026-05-10T16:28:19.143736,2026-01-24,42
Chon Buri,ชลบุรี,เที่ยว ชลบุรี,TH,2026-01-01 2026-04-30,TH,2026-05-10T16:28:19.143736,2026-01-25,44
Chon Buri,ชลบุรี,เที่ยว ชลบุรี,TH,2026-01-01 2026-04-30,TH,2026-05-10T16:28:19.143736,2026-01-26,28
Chon Buri,ชลบุรี,เที่ยว ชลบุรี,TH,2026-01-01 2026-04-30,TH,2026-05-10T16:28:19.143736,2026-01-27,0
Chon Buri,ชลบุรี,เที่ยว ชลบุรี,TH,2026-01-01 2026-04-30,TH,2026-05-10T16:28:19.143736,2026-01-28,0
Chon Buri,ชลบุรี,เที่ยว ชลบุรี,TH,2026-01-01 2026-04-30,TH,2026-05-10T16:28:19.143736,2026-01-29,34
Chon Buri,ชลบุรี,เที่ยว ชลบุรี,TH,2026-01-01 2026-04-30,TH,2026-05-10T16:28:19.143736,2026-01-30,0
Chon Buri,ชลบุรี,เที่ยว ชลบุรี,TH,2026-01-01 2026-04-30,TH,2026-05-10T16:28:19.143736,2026-01-31,0
Chon Buri,ชลบุรี,เที่ยว ชลบุรี,TH,2026-01-01 2026-04-30,TH,2026-05-10T16:28:19.143736,2026-02-01,31
Chon Buri,ชลบุรี,เที่ยว ชลบุรี,TH,2026-01-01 2026-04-30,TH,2026-05-10T16:28:19.143736,2026-02-02,0
Chon Buri,ชลบุรี,เที่ยว ชลบุรี,TH,2026-01-01 2026-04-30,TH,2026-05-10T16:28:19.143736,2026-02-03,33
Chon Buri,ชลบุรี,เที่ยว ชลบุรี,TH,2026-01-01 2026-04-30,TH,2026-05-10T16:28:19.143736,2026-02-04,33
Chon Buri,ชลบุรี,เที่ยว ชลบุรี,TH,2026-01-01 2026-04-30,TH,2026-05-10T16:28:19.143736,2026-02-05,0
Chon Buri,ชลบุรี,เที่ยว ชลบุรี,TH,2026-01-01 2026-04-30,TH,2026-05-10T16:28:19.143736,2026-02-06,0
Chon Buri,ชลบุรี,เที่ยว ชลบุรี,TH,2026-01-01 2026-04-30,TH,2026-05-10T16:28:19.143736,2026-02-07,51
Chon Buri,ชลบุรี,เที่ยว ชลบุรี,TH,2026-01-01 2026-04-30,TH,2026-05-10T16:28:19.143736,2026-02-08,35
Chon Buri,ชลบุรี,เที่ยว ชลบุรี,TH,2026-01-01 2026-04-30,TH,2026-05-10T16:28:19.143736,2026-02-09,35
Chon Buri,ชลบุรี,เที่ยว ชลบุรี,TH,2026-01-01 2026-04-30,TH,2026-05-10T16:28:19.143736,2026-02-10,0
Chon Buri,ชลบุรี,เที่ยว ชลบุรี,TH,2026-01-01 2026-04-30,TH,2026-05-10T16:28:19.143736,2026-02-11,31
Chon Buri,ชลบุรี,เที่ยว ชลบุรี,TH,2026-01-01 2026-04-30,TH,2026-05-10T16:28:19.143736,2026-02-12,36
Chon Buri,ชลบุรี,เที่ยว ชลบุรี,TH,2026-01-01 2026-04-30,TH,2026-05-10T16:28:19.143736,2026-02-13,43
Chon Buri,ชลบุรี,เที่ยว ชลบุรี,TH,2026-01-01 2026-04-30,TH,2026-05-10T16:28:19.143736,2026-02-14,50
Chon Buri,ชลบุรี,เที่ยว ชลบุรี,TH,2026-01-01 2026-04-30,TH,2026-05-10T16:28:19.143736,2026-02-15,0
Chon Buri,ชลบุรี,เที่ยว ชลบุรี,TH,2026-01-01 2026-04-30,TH,2026-05-10T16:28:19.143736,2026-02-16,42
Chon Buri,ชลบุรี,เที่ยว ชลบุรี,TH,2026-01-01 2026-04-30,TH,2026-05-10T16:28:19.143736,2026-02-17,37
Chon Buri,ชลบุรี,เที่ยว ชลบุรี,TH,2026-01-01 2026-04-30,TH,2026-05-10T16:28:19.143736,2026-02-18,30
Chon Buri,ชลบุรี,เที่ยว ชลบุรี,TH,2026-01-01 2026-04-30,TH,2026-05-10T16:28:19.143736,2026-02-19,0
Chon Buri,ชลบุรี,เที่ยว ชลบุรี,TH,2026-01-01 2026-04-30,TH,2026-05-10T16:28:19.143736,2026-02-20,0
Chon Buri,ชลบุรี,เที่ยว ชลบุรี,TH,2026-01-01 2026-04-30,TH,2026-05-10T16:28:19.143736,2026-02-21,0
Chon Buri,ชลบุรี,เที่ยว ชลบุรี,TH,2026-01-01 2026-04-30,TH,2026-05-10T16:28:19.143736,2026-02-22,0
Chon Buri,ชลบุรี,เที่ยว ชลบุรี,TH,2026-01-01 2026-04-30,TH,2026-05-10T16:28:19.143736,2026-02-23,50
Chon Buri,ชลบุรี,เที่ยว ชลบุรี,TH,2026-01-01 2026-04-30,TH,2026-05-10T16:28:19.143736,2026-02-24,32
Chon Buri,ชลบุรี,เที่ยว ชลบุรี,TH,2026-01-01 2026-04-30,TH,2026-05-10T16:28:19.143736,2026-02-25,42
Chon Buri,ชลบุรี,เที่ยว ชลบุรี,TH,2026-01-01 2026-04-30,TH,2026-05-10T16:28:19.143736,2026-02-26,79
Chon Buri,ชลบุรี,เที่ยว ชลบุรี,TH,2026-01-01 2026-04-30,TH,2026-05-10T16:28:19.143736,2026-02-27,55
Chon Buri,ชลบุรี,เที่ยว ชลบุรี,TH,2026-01-01 2026-04-30,TH,2026-05-10T16:28:19.143736,2026-02-28,50
Chon Buri,ชลบุรี,เที่ยว ชลบุรี,TH,2026-01-01 2026-04-30,TH,2026-05-10T16:28:19.143736,2026-03-01,49
Chon Buri,ชลบุรี,เที่ยว ชลบุรี,TH,2026-01-01 2026-04-30,TH,2026-05-10T16:28:19.143736,2026-03-02,49
Chon Buri,ชลบุรี,เที่ยว ชลบุรี,TH,2026-01-01 2026-04-30,TH,2026-05-10T16:28:19.143736,2026-03-03,42
Chon Buri,ชลบุรี,เที่ยว ชลบุรี,TH,2026-01-01 2026-04-30,TH,2026-05-10T16:28:19.143736,2026-03-04,0
Chon Buri,ชลบุรี,เที่ยว ชลบุรี,TH,2026-01-01 2026-04-30,TH,2026-05-10T16:28:19.143736,2026-03-05,0
Chon Buri,ชลบุรี,เที่ยว ชลบุรี,TH,2026-01-01 2026-04-30,TH,2026-05-10T16:28:19.143736,2026-03-06,0
Chon Buri,ชลบุรี,เที่ยว ชลบุรี,TH,2026-01-01 2026-04-30,TH,2026-05-10T16:28:19.143736,2026-03-07,57
Chon Buri,ชลบุรี,เที่ยว ชลบุรี,TH,2026-01-01 2026-04-30,TH,2026-05-10T16:28:19.143736,2026-03-08,0
Chon Buri,ชลบุรี,เที่ยว ชลบุรี,TH,2026-01-01 2026-04-30,TH,2026-05-10T16:28:19.143736,2026-03-09,45
Chon Buri,ชลบุรี,เที่ยว ชลบุรี,TH,2026-01-01 2026-04-30,TH,2026-05-10T16:28:19.143736,2026-03-10,0
Chon Buri,ชลบุรี,เที่ยว ชลบุรี,TH,2026-01-01 2026-04-30,TH,2026-05-10T16:28:19.143736,2026-03-11,39
Chon Buri,ชลบุรี,เที่ยว ชลบุรี,TH,2026-01-01 2026-04-30,TH,2026-05-10T16:28:19.143736,2026-03-12,40
Chon Buri,ชลบุรี,เที่ยว ชลบุรี,TH,2026-01-01 2026-04-30,TH,2026-05-10T16:28:19.143736,2026-03-13,55
Chon Buri,ชลบุรี,เที่ยว ชลบุรี,TH,2026-01-01 2026-04-30,TH,2026-05-10T16:28:19.143736,2026-03-14,66
Chon Buri,ชลบุรี,เที่ยว ชลบุรี,TH,2026-01-01 2026-04-30,TH,2026-05-10T16:28:19.143736,2026-03-15,41
Chon Buri,ชลบุรี,เที่ยว ชลบุรี,TH,2026-01-01 2026-04-30,TH,2026-05-10T16:28:19.143736,2026-03-16,34
Chon Buri,ชลบุรี,เที่ยว ชลบุรี,TH,2026-01-01 2026-04-30,TH,2026-05-10T16:28:19.143736,2026-03-17,34
Chon Buri,ชลบุรี,เที่ยว ชลบุรี,TH,2026-01-01 2026-04-30,TH,2026-05-10T16:28:19.143736,2026-03-18,35
Chon Buri,ชลบุรี,เที่ยว ชลบุรี,TH,2026-01-01 2026-04-30,TH,2026-05-10T16:28:19.143736,2026-03-19,52
Chon Buri,ชลบุรี,เที่ยว ชลบุรี,TH,2026-01-01 2026-04-30,TH,2026-05-10T16:28:19.143736,2026-03-20,42
Chon Buri,ชลบุรี,เที่ยว ชลบุรี,TH,2026-01-01 2026-04-30,TH,2026-05-10T16:28:19.143736,2026-03-21,0
Chon Buri,ชลบุรี,เที่ยว ชลบุรี,TH,2026-01-01 2026-04-30,TH,2026-05-10T16:28:19.143736,2026-03-22,42
Chon Buri,ชลบุรี,เที่ยว ชลบุรี,TH,2026-01-01 2026-04-30,TH,2026-05-10T16:28:19.143736,2026-03-23,0
Chon Buri,ชลบุรี,เที่ยว ชลบุรี,TH,2026-01-01 2026-04-30,TH,2026-05-10T16:28:19.143736,2026-03-24,34
Chon Buri,ชลบุรี,เที่ยว ชลบุรี,TH,2026-01-01 2026-04-30,TH,2026-05-10T16:28:19.143736,2026-03-25,0
Chon Buri,ชลบุรี,เที่ยว ชลบุรี,TH,2026-01-01 2026-04-30,TH,2026-05-10T16:28:19.143736,2026-03-26,42
Chon Buri,ชลบุรี,เที่ยว ชลบุรี,TH,2026-01-01 2026-04-30,TH,2026-05-10T16:28:19.143736,2026-03-27,34
Chon Buri,ชลบุรี,เที่ยว ชลบุรี,TH,2026-01-01 2026-04-30,TH,2026-05-10T16:28:19.143736,2026-03-28,0
Chon Buri,ชลบุรี,เที่ยว ชลบุรี,TH,2026-01-01 2026-04-30,TH,2026-05-10T16:28:19.143736,2026-03-29,61
Chon Buri,ชลบุรี,เที่ยว ชลบุรี,TH,2026-01-01 2026-04-30,TH,2026-05-10T16:28:19.143736,2026-03-30,49
Chon Buri,ชลบุรี,เที่ยว ชลบุรี,TH,2026-01-01 2026-04-30,TH,2026-05-10T16:28:19.143736,2026-03-31,45
Chon Buri,ชลบุรี,เที่ยว ชลบุรี,TH,2026-01-01 2026-04-30,TH,2026-05-10T16:28:19.143736,2026-04-01,0
Chon Buri,ชลบุรี,เที่ยว ชลบุรี,TH,2026-01-01 2026-04-30,TH,2026-05-10T16:28:19.143736,2026-04-02,32
Chon Buri,ชลบุรี,เที่ยว ชลบุรี,TH,2026-01-01 2026-04-30,TH,2026-05-10T16:28:19.143736,2026-04-03,35
Chon Buri,ชลบุรี,เที่ยว ชลบุรี,TH,2026-01-01 2026-04-30,TH,2026-05-10T16:28:19.143736,2026-04-04,86
Chon Buri,ชลบุรี,เที่ยว ชลบุรี,TH,2026-01-01 2026-04-30,TH,2026-05-10T16:28:19.143736,2026-04-05,76
Chon Buri,ชลบุรี,เที่ยว ชลบุรี,TH,2026-01-01 2026-04-30,TH,2026-05-10T16:28:19.143736,2026-04-06,0
Chon Buri,ชลบุรี,เที่ยว ชลบุรี,TH,2026-01-01 2026-04-30,TH,2026-05-10T16:28:19.143736,2026-04-07,0
Chon Buri,ชลบุรี,เที่ยว ชลบุรี,TH,2026-01-01 2026-04-30,TH,2026-05-10T16:28:19.143736,2026-04-08,0
Chon Buri,ชลบุรี,เที่ยว ชลบุรี,TH,2026-01-01 2026-04-30,TH,2026-05-10T16:28:19.143736,2026-04-09,0
Chon Buri,ชลบุรี,เที่ยว ชลบุรี,TH,2026-01-01 2026-04-30,TH,2026-05-10T16:28:19.143736,2026-04-10,0
Chon Buri,ชลบุรี,เที่ยว ชลบุรี,TH,2026-01-01 2026-04-30,TH,2026-05-10T16:28:19.143736,2026-04-11,89
Chon Buri,ชลบุรี,เที่ยว ชลบุรี,TH,2026-01-01 2026-04-30,TH,2026-05-10T16:28:19.143736,2026-04-12,59
Chon Buri,ชลบุรี,เที่ยว ชลบุรี,TH,2026-01-01 2026-04-30,TH,2026-05-10T16:28:19.143736,2026-04-13,69
Chon Buri,ชลบุรี,เที่ยว ชลบุรี,TH,2026-01-01 2026-04-30,TH,2026-05-10T16:28:19.143736,2026-04-14,100
Chon Buri,ชลบุรี,เที่ยว ชลบุรี,TH,2026-01-01 2026-04-30,TH,2026-05-10T16:28:19.143736,2026-04-15,60
Chon Buri,ชลบุรี,เที่ยว ชลบุรี,TH,2026-01-01 2026-04-30,TH,2026-05-10T16:28:19.143736,2026-04-16,55
Chon Buri,ชลบุรี,เที่ยว ชลบุรี,TH,2026-01-01 2026-04-30,TH,2026-05-10T16:28:19.143736,2026-04-17,41
Chon Buri,ชลบุรี,เที่ยว ชลบุรี,TH,2026-01-01 2026-04-30,TH,2026-05-10T16:28:19.143736,2026-04-18,53
Chon Buri,ชลบุรี,เที่ยว ชลบุรี,TH,2026-01-01 2026-04-30,TH,2026-05-10T16:28:19.143736,2026-04-19,60
Chon Buri,ชลบุรี,เที่ยว ชลบุรี,TH,2026-01-01 2026-04-30,TH,2026-05-10T16:28:19.143736,2026-04-20,42
Chon Buri,ชลบุรี,เที่ยว ชลบุรี,TH,2026-01-01 2026-04-30,TH,2026-05-10T16:28:19.143736,2026-04-21,50
Chon Buri,ชลบุรี,เที่ยว ชลบุรี,TH,2026-01-01 2026-04-30,TH,2026-05-10T16:28:19.143736,2026-04-22,42
Chon Buri,ชลบุรี,เที่ยว ชลบุรี,TH,2026-01-01 2026-04-30,TH,2026-05-10T16:28:19.143736,2026-04-23,53
Chon Buri,ชลบุรี,เที่ยว ชลบุรี,TH,2026-01-01 2026-04-30,TH,2026-05-10T16:28:19.143736,2026-04-24,0
Chon Buri,ชลบุรี,เที่ยว ชลบุรี,TH,2026-01-01 2026-04-30,TH,2026-05-10T16:28:19.143736,2026-04-25,59
Chon Buri,ชลบุรี,เที่ยว ชลบุรี,TH,2026-01-01 2026-04-30,TH,2026-05-10T16:28:19.143736,2026-04-26,51
Chon Buri,ชลบุรี,เที่ยว ชลบุรี,TH,2026-01-01 2026-04-30,TH,2026-05-10T16:28:19.143736,2026-04-27,47
Chon Buri,ชลบุรี,เที่ยว ชลบุรี,TH,2026-01-01 2026-04-30,TH,2026-05-10T16:28:19.143736,2026-04-28,47
Chon Buri,ชลบุรี,เที่ยว ชลบุรี,TH,2026-01-01 2026-04-30,TH,2026-05-10T16:28:19.143736,2026-04-29,53
Chon Buri,ชลบุรี,เที่ยว ชลบุรี,TH,2026-01-01 2026-04-30,TH,2026-05-10T16:28:19.143736,2026-04-30,60
